TimeID,TemperatureC,DewPointC,Humidity,,
1,5.6,-3.9,51,,
2,5,-3.9,53,,
3,5,-3.3,55,,
4,5,-3.3,55,,
5,4.4,-3.3,58,,
6,4.4,-3.3,58,,
7,3.9,-3.3,60,,
8,3.9,-3.9,57,,
9,3.9,-4.4,55,,
10,4.4,-3.9,55,,
11,4.4,-4.4,53,,
12,4.4,-5,51,,
13,4.4,-5,51,,
14,4.4,-5,51,,
15,3.9,-6.1,49,,
16,3.9,-6.7,46,,
17,3.3,-6.7,48,,
18,3.3,-6.7,48,,
19,2.8,-6.7,50,,
20,2.8,-7.2,48,,
21,2.2,-7.2,50,,
22,1.7,-6.7,54,,
23,1.7,-7.2,52,,
24,1.7,-8.9,46,,
25,1.1,-9.4,46,,
26,1.1,-8.9,48,,
27,1.1,-8.3,50,,
28,1.1,-8.3,50,,
29,0.6,-7.8,54,,
30,0.6,-7.8,54,,
31,0.6,-7.8,54,,
32,1.1,-7.8,52,,
33,1.1,-8.3,50,,
34,1.7,-8.3,48,,
35,2.8,-7.8,46,,
36,2.8,-8.3,44,,
37,3.3,-8.3,43,,
38,3.9,-7.8,43,,
39,3.9,-7.2,45,,
40,4.4,-7.2,43,,
41,3.9,-7.8,43,,
42,2.8,-8.3,44,,
43,2.2,-8.3,46,,
44,2.2,-8.3,46,,
45,1.7,-7.8,50,,
46,2.2,-7.8,48,,
47,1.7,-7.2,52,,
48,2.2,-6.7,52,,
49,1.7,-6.7,54,,
50,2.2,-6.7,52,,
51,2.2,-6.7,52,,
52,2.2,-6.7,52,,
53,2.8,-6.7,50,,
54,2.2,-6.7,52,,
55,1.7,-6.1,57,,
56,2.2,-6.1,55,,
57,3.3,-6.1,51,,
58,3.9,-6.1,49,,
59,6.1,-6.7,40,,
60,6.7,-7.2,37,,
61,6.7,-6.7,38,,
62,6.7,-6.1,40,,
63,5.6,-6.1,43,,
64,5,-6.7,43,,
65,5,-6.1,45,,
66,5,-6.1,45,,
67,4.4,-6.1,47,,
68,3.9,-5.6,50,,
69,3.3,-5.6,53,,
70,2.8,-5.6,54,,
71,2.8,-5,57,,
72,2.2,-5,59,,
73,2.2,-5,59,,
74,2.2,-5,59,,
75,1.7,-7.2,52,,
76,1.1,-8.3,50,,
77,0.6,-9.4,48,,
78,-0.6,-9.4,52,,
79,-1.1,-10,51,,
80,-1.7,-10.6,51,,
81,-1.7,-10.6,51,,
82,-2.2,-13.3,43,,
83,-2.2,-13.3,43,,
84,-2.2,-15,38,,
85,-1.1,-16.7,30,,
86,-2.2,-17.2,31,,
87,-2.2,-17.8,30,,
88,-3.3,-15,41,,
89,-5,-15.6,44,,
90,-6.1,-16.1,46,,
91,-6.7,-17.2,44,,
92,-7.2,-16.7,47,,
93,-7.8,-16.7,50,,
94,-8.3,-17.8,47,,
95,-11.1,-18.3,56,,
96,-11.1,-18.9,53,,
97,-11.1,-19.4,51,,
98,-11.7,-19.4,54,,
99,-11.7,-19.4,54,,
100,-11.1,-18.9,53,,
101,-10.6,-20,47,,
102,-8.3,-18.9,43,,
103,-7.2,-20,36,,
104,-5.6,-20.6,30,,
105,-3.9,-21.1,26,,
106,-2.8,-21.1,24,,
107,-2.2,-20,25,,
108,-2.2,-19.4,26,,
109,-2.2,-20,25,,
110,-2.8,-19.4,27,,
111,-2.8,-19.4,27,,
112,-2.2,-18.9,27,,
113,-1.7,-18.9,26,,
114,-2.2,-17.8,30,,
115,-2.2,-17.8,30,,
116,-2.8,-17.2,33,,
117,-2.2,-17.2,31,,
118,-2.8,-15.6,37,,
119,-3.3,-15,41,,
120,-3.3,-13.9,44,,
121,-3.9,-12.8,51,,
122,-3.3,-13.3,47,,
123,-3.3,-13.3,47,,
124,-2.8,-14.4,41,,
125,-1.1,-16.1,32,,
126,-1.1,-16.1,32,,
127,0.6,-16.7,27,,
128,2.2,-17.2,23,,
129,3.3,-17.2,21,,
130,4.4,-17.8,19,,
131,4.4,-18.3,18,,
132,3.9,-17.2,20,,
133,3.3,-16.1,23,,
134,3.3,-14.4,27,,
135,2.8,-15.6,25,,
136,2.2,-14.4,29,,
137,2.8,-15.6,25,,
138,2.2,-15,27,,
139,1.7,-12.8,34,,
140,1.1,-14.4,31,,
141,1.7,-15.6,27,,
142,1.1,-15,30,,
143,0.6,-15,31,,
144,0.6,-14.4,32,,
145,0,-12.8,38,,
146,0,-13.3,37,,
147,-0.6,-13.9,37,,
148,0,-12.8,38,,
149,1.7,-13.9,31,,
150,3.3,-15,25,,
151,5.6,-14.4,23,,
152,5.6,-13.3,25,,
153,6.7,-12.2,25,,
154,7.2,-12.8,23,,
155,7.2,-12.2,24,,
156,7.2,-12.2,24,,
157,7.2,-12.8,23,,
158,7.8,-9.4,29,,
159,7.2,-10.6,27,,
160,7.8,-10.6,26,,
161,7.2,-7.8,34,,
162,7.2,-5.6,40,,
163,6.7,-7.8,35,,
164,5.6,-7.2,40,,
165,5.6,-7.2,40,,
166,5.6,-7.2,40,,
167,3.9,-6.7,46,,
168,4,-8,42,,
169,3,-6,52,,
170,3,-6,52,,
171,3,-6,52,,
172,2,-7,52,,
173,2,-8,48,,
174,2,-8,48,,
175,2,-6,56,,
176,3,-4,60,,
177,4,-1,70,,
178,5,-1,65,,
179,6,4,87,,
180,6,1,70,,
181,6,0,66,,
182,6.1,-0.6,62,,
183,6.1,-0.6,62,,
184,6.1,0.6,68,,
185,6.7,0.6,65,,
186,6.7,0.6,65,,
187,7,1,66,,
188,6.7,0.6,65,,
189,6.7,-0.6,60,,
190,6.7,-0.6,60,,
191,6.7,-0.6,60,,
192,6.7,-0.6,60,,
193,6.1,0,65,,
194,5.6,0.6,70,,
195,5.6,0.6,70,,
196,5.6,0.6,70,,
197,5.6,0.6,70,,
198,6,1,70,,
199,5,0,70,,
200,5,0,70,,
201,5,0.6,73,,
202,5,0.6,73,,
203,4.4,0.6,77,,
204,5,1.1,76,,
205,5,1.1,76,,
206,5,1.7,79,,
207,5.6,2.2,79,,
208,5.6,2.2,79,,
209,5.6,2.2,79,,
210,6.7,2.8,76,,
211,7.2,2.8,74,,
212,6.7,2.8,76,,
213,6.7,2.8,76,,
214,7.8,2.8,71,,
215,7.8,2.8,71,,
216,7.8,4.4,79,,
217,7.8,4.4,79,,
218,7.8,3.9,76,,
219,7.8,4.4,79,,
220,7.8,3.9,76,,
221,7.2,3.9,80,,
222,7.2,4.4,82,,
223,7.8,4.4,79,,
224,7.8,4.4,79,,
225,7.8,4.4,79,,
226,8.3,4.4,77,,
227,8.3,4.4,77,,
228,7.8,4.4,79,,
229,7.8,5,83,,
230,7.8,5,83,,
231,7.8,5.6,86,,
232,7.8,5.6,86,,
233,7.8,5.6,86,,
234,7.8,5.6,86,,
235,7,6,93,,
236,7.2,5.6,90,,
237,7.2,5.6,90,,
238,7.2,5.6,90,,
239,7.2,5.6,90,,
240,7.2,5.6,90,,
241,7.2,5.6,90,,
242,7.2,5.6,90,,
243,7,6,93,,
244,7.2,5.6,90,,
245,7.2,5.6,90,,
246,7.2,6.1,93,,
247,7,6,93,,
248,7.8,6.1,89,,
249,8.9,7.2,89,,
250,9.4,8.3,93,,
251,9.4,8.3,93,,
252,10,8.3,89,,
253,10,9.4,96,,
254,13.9,12.8,93,,
255,14,13,94,,
256,13.9,12.8,93,,
257,13.9,12.8,93,,
258,13.9,12.8,93,,
259,13.9,12.8,93,,
260,13.9,12.8,93,,
261,13.9,12.8,93,,
262,13.9,12.8,93,,
263,14.4,12.8,90,,
264,15,13.3,90,,
265,15,12.8,87,,
266,13.9,12.2,89,,
267,13.9,12.2,89,,
268,13.9,11.7,87,,
269,13.9,11.7,87,,
270,13.9,6.7,62,,
271,13.3,6.1,62,,
272,12.8,4.4,57,,
273,11.1,2.8,57,,
274,8.3,-1.1,52,,
275,6.1,-3.9,49,,
276,5,-4.4,51,,
277,5,-5,49,,
278,3.9,-6.7,46,,
279,3.9,-7.8,43,,
280,2.2,-7.8,48,,
281,1.1,-9.4,46,,
282,0.6,-11.1,42,,
283,0,-11.7,42,,
284,-0.6,-10,50,,
285,-1.1,-12.8,41,,
286,-1.1,-13.3,40,,
287,-0.6,-13.9,37,,
288,-0.6,-13.9,37,,
289,0,-13.3,37,,
290,0.6,-13.3,35,,
291,0.6,-14.4,32,,
292,0.6,-15,31,,
293,0.6,-16.7,27,,
294,0,-16.1,29,,
295,-0.6,-16.1,31,,
296,-1.7,-16.7,32,,
297,-1.7,-17.2,30,,
298,-2.2,-17.2,31,,
299,-2.8,-16.7,34,,
300,-2.8,-16.7,34,,
301,-3.3,-16.7,35,,
302,-3.9,-16.1,39,,
303,-3.9,-16.7,37,,
304,-3.9,-16.1,39,,
305,-3.3,-15.6,39,,
306,-3.3,-14.4,43,,
307,-3.3,-14.4,43,,
308,-2.8,-14.4,41,,
309,-2.2,-12.8,45,,
310,-1.7,-11.7,47,,
311,0.6,-10,46,,
312,3.3,-7.2,47,,
313,4.4,-8.9,38,,
314,5.6,-7.8,38,,
315,6.1,-7.2,38,,
316,6.7,-8.9,32,,
317,6.1,-6.1,42,,
318,2.8,-1.7,73,,
319,2.2,-2.2,73,,
320,2.8,-2.2,70,,
321,3.3,-2.8,65,,
322,2.8,-3.9,62,,
323,0.6,-7.2,56,,
324,0,-7.8,56,,
325,-1.1,-12.2,43,,
326,-2.8,-13.9,43,,
327,-3.3,-14.4,43,,
328,-3.9,-14.4,45,,
329,-4.4,-14.4,46,,
330,-5,-13.9,50,,
331,-5,-14.4,48,,
332,-5.6,-13.9,53,,
333,-5.6,-14.4,51,,
334,-5,-14.4,48,,
335,-4.4,-15,44,,
336,-3.9,-16.1,39,,
337,-3.3,-16.7,35,,
338,-2.2,-16.7,33,,
339,-2.2,-16.7,33,,
340,-2.2,-16.7,33,,
341,-2.2,-15.6,36,,
342,-2.8,-15.6,37,,
343,-3.3,-15.6,39,,
344,-3.9,-15.6,41,,
345,-4.4,-16.1,40,,
346,-4.4,-16.1,40,,
347,-4.4,-16.1,40,,
348,-5,-15.6,44,,
349,-5,-15.6,44,,
350,-5,-16.7,40,,
351,-5.6,-17.2,40,,
352,-5,-16.7,40,,
353,-5,-15.6,44,,
354,-5,-15.6,44,,
355,-4.4,-13.3,51,,
356,-4.4,-11.7,57,,
357,-4.4,-12.8,53,,
358,-3.3,-13.9,44,,
359,-2.8,-14.4,41,,
360,-1.7,-13.9,40,,
361,-0.6,-12.8,40,,
362,0.6,-11.1,42,,
363,1.7,-9.4,44,,
364,2.2,-8.3,46,,
365,2.8,-7.8,46,,
366,2.8,-7.2,48,,
367,2.8,-7.2,48,,
368,2.8,-7.2,48,,
369,3.3,-7.2,47,,
370,2.8,-7.2,48,,
371,2.8,-6.7,50,,
372,2.8,-5.6,54,,
373,2.8,-6.1,52,,
374,2.2,-6.1,55,,
375,2.8,-6.7,50,,
376,2.2,-5,59,,
377,1.7,-5,61,,
378,1.7,-5,61,,
379,2.8,-4.4,59,,
380,2.8,-3.3,65,,
381,2.8,-2.8,67,,
382,3.9,-1.7,67,,
383,5,-1.1,65,,
384,5.6,-1.1,62,,
385,7.8,-0.6,56,,
386,8.9,1.1,58,,
387,10.6,0.6,50,,
388,10,1.7,57,,
389,9.4,3.3,66,,
390,9.4,3.9,69,,
391,9.4,3.3,66,,
392,9.4,2.2,61,,
393,9.4,2.8,64,,
394,8.9,2.8,66,,
395,7.8,4.4,79,,
396,7.8,3.9,76,,
397,7.8,4.4,79,,
398,7.2,4.4,82,,
399,6.7,5,89,,
400,7,4,81,,
401,6.7,4.4,85,,
402,6.1,4.4,89,,
403,5.6,3.9,89,,
404,5.6,3.9,89,,
405,6,4,87,,
406,5.6,3.9,89,,
407,6.1,3.9,86,,
408,6.1,3.9,86,,
409,6.1,3.9,86,,
410,6.1,3.9,86,,
411,6.1,3.9,86,,
412,6.1,3.9,86,,
413,6.1,4.4,89,,
414,6,4,87,,
415,6.1,4.4,89,,
416,6.7,3.9,82,,
417,6.7,3.9,82,,
418,7.2,3.9,80,,
419,8.3,3.9,74,,
420,8.9,3.3,68,,
421,10,3.3,63,,
422,10,1.7,57,,
423,10.6,0.6,50,,
424,10,0,50,,
425,10,0.6,52,,
426,8.3,-1.1,52,,
427,7.8,-1.1,54,,
428,7.8,-0.6,56,,
429,7.2,-1.7,53,,
430,6.7,-1.7,55,,
431,6.1,-1.7,58,,
432,5.6,-1.7,60,,
433,5.6,-2.2,58,,
434,5,-2.2,60,,
435,5,-2,61,,
436,5,-2.2,60,,
437,5,-2,61,,
438,5,-2.2,60,,
439,4.4,-3.3,58,,
440,3.9,-4.4,55,,
441,2.8,-6.7,50,,
442,2.2,-7.2,50,,
443,1.7,-7.2,52,,
444,1.7,-7.8,50,,
445,1.7,-7.2,52,,
446,1.7,-7.8,50,,
447,1.7,-7.8,50,,
448,2.2,-7.8,48,,
449,2.2,-7.8,48,,
450,1.7,-8.3,48,,
451,1.1,-7.2,54,,
452,-0.6,-4.4,76,,
453,-1.1,-3.3,85,,
454,-1.1,-3.3,85,,
455,-1.1,-3.9,82,,
456,-1.1,-3.9,82,,
457,-1.1,-3.9,82,,
458,-1.1,-3.9,82,,
459,-1.1,-3.9,82,,
460,-1.1,-3.9,82,,
461,-1.1,-3.9,82,,
462,-1.1,-4.4,79,,
463,-1.1,-4.4,79,,
464,-1.1,-4.4,79,,
465,-0.6,-4.4,76,,
466,-0.6,-4.4,76,,
467,-0.6,-5,72,,
468,-0.6,-4.4,76,,
469,-1.1,-4.4,79,,
470,-1.1,-7.8,61,,
471,-1.7,-12.8,43,,
472,-2.8,-16.1,36,,
473,-5.6,-10,72,,
474,-5,-10.6,65,,
475,-5,-11.7,60,,
476,-5.6,-14.4,51,,
477,-5,-15.6,44,,
478,-5,-16.1,42,,
479,-4.4,-17.2,37,,
480,-3.3,-17.2,34,,
481,-3.3,-18.3,31,,
482,-2.2,-18.9,27,,
483,-3.3,-18.9,30,,
484,-3.9,-18.9,31,,
485,-5,-17.2,39,,
486,-5,-16.7,40,,
487,-5.6,-17.2,40,,
488,-6.1,-16.7,44,,
489,-6.7,-17.8,42,,
490,-6.7,-17.8,42,,
491,-7.2,-17.2,46,,
492,-7.8,-17.2,48,,
493,-7.8,-17.2,48,,
494,-8.3,-17.2,50,,
495,-8.3,-17.8,47,,
496,-8.3,-17.2,50,,
497,-8.3,-17.2,50,,
498,-8.3,-17.2,50,,
499,-8.9,-17.2,52,,
500,-8.9,-17.2,52,,
501,-7.8,-16.7,50,,
502,-6.7,-16.7,46,,
503,-5,-16.7,40,,
504,-4.4,-16.7,38,,
505,-3.9,-16.1,39,,
506,-3.3,-16.1,37,,
507,-2.8,-16.1,36,,
508,-2.2,-16.7,33,,
509,-2.2,-16.7,33,,
510,-2.2,-16.7,33,,
511,-2.8,-16.7,34,,
512,-2.8,-15,39,,
513,-2.8,-13.9,43,,
514,-2.8,-12.8,47,,
515,-2.2,-12.2,47,,
516,-2.2,-11.7,49,,
517,-1.7,-11.1,49,,
518,-2.2,-11.1,51,,
519,-2.2,-10.6,53,,
520,-2.2,-10,56,,
521,-2.8,-10,58,,
522,-2.2,-9.4,58,,
523,-2.2,-9.4,58,,
524,-1.7,-9.4,56,,
525,-1.1,-9.4,54,,
526,-0.6,-10,50,,
527,0.6,-9.4,48,,
528,1.7,-9.4,44,,
529,2.2,-8.9,44,,
530,2.2,-10,41,,
531,2.2,-9.4,43,,
532,2.2,-10,41,,
533,1.7,-10,42,,
534,1.1,-9.4,46,,
535,1.1,-9.4,46,,
536,0.6,-9.4,48,,
537,0.6,-8.9,50,,
538,0,-9.4,50,,
539,-0.6,-9.4,52,,
540,-0.6,-9.4,52,,
541,-1.1,-10,51,,
542,-1.1,-10,51,,
543,-1.7,-10.6,51,,
544,-2.2,-10.6,53,,
545,-2.8,-11.1,53,,
546,-2.8,-11.1,53,,
547,-2.8,-10.6,56,,
548,-2.8,-10.6,56,,
549,-2.2,-10.6,53,,
550,-1.1,-11.7,45,,
551,0,-11.7,42,,
552,0.6,-11.7,40,,
553,1.7,-11.7,37,,
554,1.7,-12.2,35,,
555,1.7,-12.2,35,,
556,1.1,-11.1,40,,
557,0,-12.2,40,,
558,-0.6,-12.2,42,,
559,-0.6,-11.1,46,,
560,-1.1,-11.1,47,,
561,-1.7,-12.2,45,,
562,-2.2,-12.8,45,,
563,-2.8,-13.9,43,,
564,-3.3,-15,41,,
565,-4.4,-16.1,40,,
566,-5,-15.6,44,,
567,-5.6,-15.6,46,,
568,-5.6,-15.6,46,,
569,-6.1,-15,50,,
570,-5.6,-15,48,,
571,-6.1,-15.6,48,,
572,-5.6,-15.6,46,,
573,-5,-15.6,44,,
574,-3.9,-15.6,41,,
575,-3.3,-15.6,39,,
576,-2.2,-15.6,36,,
577,-1.7,-15,36,,
578,-1.7,-15.6,35,,
579,-1.7,-15.6,35,,
580,-1.7,-15.6,35,,
581,-1.7,-15,36,,
582,-1.7,-15,36,,
583,-2.2,-15,38,,
584,-2.2,-15,38,,
585,-2.2,-14.4,39,,
586,-1.7,-13.9,40,,
587,-2.8,-10.6,56,,
588,-2.8,-10,58,,
589,-2.8,-10,58,,
590,-3.3,-8.9,66,,
591,-3.3,-7.8,71,,
592,-3.9,-7.2,78,,
593,-4,-7,80,,
594,-3.9,-6.7,81,,
595,-4.4,-6.7,84,,
596,-3.9,-7.2,78,,
597,-3.9,-7.8,75,,
598,-4.4,-7.2,81,,
599,-4.4,-7.2,81,,
600,-4.4,-7.2,81,,
601,-4.4,-7.2,81,,
602,-4.4,-6.7,84,,
603,-4.4,-6.1,88,,
604,-4.4,-6.7,84,,
605,-4.4,-6.1,88,,
606,-3.9,-5.6,88,,
607,-3.9,-6.1,85,,
608,-3.9,-5.6,88,,
609,-3.9,-5.6,88,,
610,-3.3,-5.6,84,,
611,-2.8,-5,85,,
612,-2.8,-5,85,,
613,-2.8,-5,85,,
614,-2.8,-4.4,89,,
615,-2.8,-4.4,89,,
616,-2.8,-4.4,89,,
617,-2.8,-5,85,,
618,-2.8,-5,85,,
619,-2.8,-5,85,,
620,-2.8,-5,85,,
621,-2.8,-5,85,,
622,-2.8,-5,85,,
623,-2.8,-5,85,,
624,-2.8,-5,85,,
625,-2.8,-5,85,,
626,-2.8,-5,85,,
627,-3.3,-5.6,84,,
628,-3.9,-6.1,85,,
629,-4.4,-6.7,84,,
630,-3.9,-6.7,81,,
631,-3.9,-7.2,78,,
632,-3.3,-7.8,71,,
633,-3.3,-8.3,69,,
634,-2.8,-8.3,66,,
635,-2.8,-9.4,61,,
636,-2.8,-8.3,66,,
637,-3.3,-8.3,69,,
638,-3.3,-8.9,66,,
639,-2.8,-10,58,,
640,-3.3,-9.4,63,,
641,-3.3,-10,60,,
642,-3.3,-11.1,55,,
643,-3.3,-13.3,47,,
644,-4.4,-13.3,51,,
645,-5.6,-13.3,55,,
646,-5.6,-13.9,53,,
647,-5.6,-13.9,53,,
648,-5.6,-14.4,51,,
649,-6.7,-13.9,57,,
650,-6.7,-13.9,57,,
651,-6.1,-13.3,57,,
652,-4.4,-13.3,51,,
653,-2.8,-12.8,47,,
654,-1.1,-13.3,40,,
655,0,-12.2,40,,
656,0.6,-11.1,42,,
657,1.7,-11.1,39,,
658,1.7,-11.1,39,,
659,1.7,-11.1,39,,
660,0.6,-11.7,40,,
661,0,-11.7,42,,
662,0,-11.1,44,,
663,0,-10.6,45,,
664,0,-11.1,44,,
665,-0.6,-10.6,47,,
666,-0.6,-10,50,,
667,-0.6,-10,50,,
668,-1.1,-10,51,,
669,-1.1,-9.4,54,,
670,-1.1,-10,51,,
671,-1.7,-9.4,56,,
672,-1.7,-10,54,,
673,-1.7,-8.9,58,,
674,-0.6,-8.9,54,,
675,0,-8.3,54,,
676,1.7,-7.8,50,,
677,1.7,-7.2,52,,
678,1.7,-6.7,54,,
679,2.8,-6.7,50,,
680,3.3,-6.7,48,,
681,2.8,-8.3,44,,
682,2.2,-6.7,52,,
683,1.7,-5.6,59,,
684,2.2,-4.4,62,,
685,2.2,-5.6,57,,
686,2.2,-6.7,52,,
687,2.2,-7.8,48,,
688,3.3,-5.6,53,,
689,3.9,-2.8,62,,
690,4.4,-2.8,60,,
691,3.9,-2.8,62,,
692,3.9,-3.3,60,,
693,3.9,-3.9,57,,
694,3.9,-3.9,57,,
695,4.4,-3.9,55,,
696,3.9,-3.3,60,,
697,5,-2.8,57,,
698,5,-1.7,62,,
699,5.6,-1.1,62,,
700,6.1,-1.1,60,,
701,5.6,-1.1,62,,
702,6.7,-1.1,58,,
703,7.2,-1.1,56,,
704,8.3,-1.1,52,,
705,8.9,-1.1,50,,
706,8.3,-1.1,52,,
707,8.3,-1.1,52,,
708,7.8,-1.1,54,,
709,8.3,-1.1,52,,
710,8.3,-1.1,52,,
711,8.3,-1.1,52,,
712,8.3,-1.1,52,,
713,8.3,-1.1,52,,
714,7.8,-1.1,54,,
715,7.8,-1.1,54,,
716,7.2,-0.6,58,,
717,7.2,0,60,,
718,6.7,-1.1,58,,
719,6.1,-1.7,58,,
720,6.1,-2.8,53,,
721,5.6,-3.3,53,,
722,5,-3.9,53,,
723,4.4,-5.6,49,,
724,5,-7.2,41,,
725,6.1,-6.7,40,,
726,6.7,-8.3,34,,
727,6.7,-8.3,34,,
728,6.7,-8.3,34,,
729,6.7,-8.9,32,,
730,5.6,-7.8,38,,
731,5,-7.2,41,,
732,5,-7.8,40,,
733,3.9,-6.7,46,,
734,2.8,-6.7,50,,
735,2.8,-6.7,50,,
736,1.7,-7.2,52,,
737,1.7,-7.8,50,,
738,1.1,-7.2,54,,
739,1.1,-8.9,48,,
740,0.6,-7.8,54,,
741,0.6,-8.3,52,,
742,0.6,-8.9,50,,
743,1.1,-8.9,48,,
744,1.1,-7.2,54,,
745,0.6,-5,66,,
746,2.2,-5,59,,
747,2.2,-5,59,,
748,3.9,-5,53,,
749,4.4,-6.1,47,,
750,5,-7.8,40,,
751,5,-7.8,40,,
752,5.6,-6.7,41,,
753,5,-7.2,41,,
754,4.4,-7.2,43,,
755,4.4,-7.2,43,,
756,5,-6.7,43,,
757,4.4,-6.7,45,,
758,4.4,-6.1,47,,
759,3.9,-6.1,49,,
760,3.9,-5.6,50,,
761,4.4,-5.6,49,,
762,3.9,-6.1,49,,
763,3.3,-5.6,53,,
764,3.3,-5.6,53,,
765,2.8,-5.6,54,,
766,2.8,-5.6,54,,
767,2.8,-6.1,52,,
768,1.7,-6.1,57,,
769,1.7,-5.6,59,,
770,2.8,-5.6,54,,
771,3.3,-5.6,53,,
772,3.3,-5,55,,
773,4.4,-4.4,53,,
774,4.4,-3.3,58,,
775,4.4,-4.4,53,,
776,4.4,-4.4,53,,
777,4.4,-4.4,53,,
778,3.9,-7.2,45,,
779,3.3,-8.9,41,,
780,2.2,-7.8,48,,
781,1.7,-7.8,50,,
782,1.1,-7.8,52,,
783,0.6,-8.9,50,,
784,0,-9.4,50,,
785,-0.6,-9.4,52,,
786,-1.7,-10,54,,
787,-2.2,-10,56,,
788,-2.2,-10,56,,
789,-2.2,-10,56,,
790,-2.2,-9.4,58,,
791,-2.2,-9.4,58,,
792,-2.2,-8.9,61,,
793,-1.7,-8.9,58,,
794,-1.1,-8.9,56,,
795,-0.6,-8.9,54,,
796,0.6,-8.9,50,,
797,1.7,-8.3,48,,
798,2.2,-8.3,46,,
799,2.8,-8.3,44,,
800,3.9,-8.3,41,,
801,3.9,-8.3,41,,
802,3.3,-8.9,41,,
803,3.9,-10,36,,
804,3.9,-9.4,38,,
805,3.9,-8.9,39,,
806,3.9,-8.3,41,,
807,3.3,-7.8,45,,
808,3.3,-6.7,48,,
809,2.8,-5.6,54,,
810,2.8,-5,57,,
811,2.8,-5,57,,
812,2.8,-4.4,59,,
813,2.8,-4.4,59,,
814,3.3,-4.4,57,,
815,3.3,-4.4,57,,
816,3.9,-4.4,55,,
817,3.3,-3.9,60,,
818,4.4,-4.4,53,,
819,5,-3.9,53,,
820,7.2,-3.9,46,,
821,8.9,-3.9,41,,
822,11.1,-3.9,35,,
823,11.7,-3.9,34,,
824,12.8,-3.3,33,,
825,12.8,-2.8,34,,
826,9.4,-0.6,50,,
827,8.3,1.1,61,,
828,7.8,2.8,71,,
829,8.9,2.8,66,,
830,11.1,1.1,50,,
831,12.2,1.7,49,,
832,10.6,1.7,54,,
833,10.6,2.2,56,,
834,10,2.2,59,,
835,10,1.7,57,,
836,10,2.2,59,,
837,10,1.7,57,,
838,10,2.2,59,,
839,10,2.2,59,,
840,9.4,2.2,61,,
841,10,2.2,59,,
842,10.6,2.2,56,,
843,11.1,2.8,57,,
844,12.8,2.8,51,,
845,13.9,3.3,49,,
846,15,3.9,48,,
847,14.4,3.9,49,,
848,13.3,2.8,49,,
849,11.7,1.1,48,,
850,11.1,0,47,,
851,11.1,-1.1,43,,
852,10.6,-2.2,41,,
853,10,-2.2,43,,
854,8.9,-4.4,39,,
855,8.3,-4.4,41,,
856,7.8,-2.8,47,,
857,6.7,-3.9,47,,
858,6.1,-4.4,47,,
859,5.6,-5.6,45,,
860,5,-5,49,,
861,4.4,-5,51,,
862,3.9,-5,53,,
863,3.9,-5,53,,
864,3.9,-5,53,,
865,3.9,-4.4,55,,
866,4.4,-3.9,55,,
867,6.1,-3.3,51,,
868,7.8,-5,40,,
869,8.9,-4.4,39,,
870,8.9,-5,37,,
871,9.4,-4.4,38,,
872,9.4,-5,36,,
873,9.4,-5,36,,
874,8.9,-5.6,36,,
875,7.8,-4.4,42,,
876,7.2,-2.2,52,,
877,7.2,-2.8,49,,
878,6.7,-2.2,53,,
879,6.1,-2.2,56,,
880,6.1,-2.2,56,,
881,6.1,-2.2,56,,
882,5.6,-1.7,60,,
883,6.7,-0.6,60,,
884,6.1,0.6,68,,
885,6.7,1.7,71,,
886,7.2,2.2,71,,
887,7.8,2.8,71,,
888,8.9,3.9,71,,
889,8.9,3.9,71,,
890,8.9,5,77,,
891,10,6.1,77,,
892,10,6.7,80,,
893,10,6.7,80,,
894,10.6,7.2,80,,
895,11.7,7.8,77,,
896,12.2,8.3,77,,
897,12.2,8.3,77,,
898,11.7,8.9,83,,
899,11.7,9.4,86,,
900,12.2,10,86,,
901,12.2,10.6,90,,
902,12.8,10.6,86,,
903,13.3,11.1,87,,
904,13.3,11.1,87,,
905,13.9,11.7,87,,
906,13.9,11.7,87,,
907,13.9,12.2,89,,
908,13.9,12.2,89,,
909,13.3,11.7,90,,
910,13.3,11.7,90,,
911,13.3,11.7,90,,
912,13.3,11.7,90,,
913,13.3,12.2,93,,
914,13.3,12.2,93,,
915,13.3,12.2,93,,
916,12.8,11.7,93,,
917,12.8,11.7,93,,
918,13.3,11.7,90,,
919,14.4,12.2,87,,
920,13.9,11.1,83,,
921,14.4,11.7,84,,
922,14.4,11.7,84,,
923,14.4,11.7,84,,
924,14.4,11.7,84,,
925,14.4,11.7,84,,
926,14.4,11.7,84,,
927,14.4,11.7,84,,
928,14.4,12.2,87,,
929,14.4,12.2,87,,
930,14.4,12.8,90,,
931,13.9,12.8,93,,
932,13.3,12.2,93,,
933,13.3,12.2,93,,
934,13.3,12.2,93,,
935,13.3,11.7,90,,
936,13,12,94,,
937,12.2,10,86,,
938,11.1,6.1,71,,
939,10.6,5,68,,
940,10.6,5,68,,
941,11.1,2.2,54,,
942,11.1,1.1,50,,
943,11.7,1.1,48,,
944,11.1,0.6,49,,
945,10.6,-0.6,46,,
946,10.6,0,48,,
947,10.6,-0.6,46,,
948,10,-1.7,44,,
949,10,-2.2,43,,
950,9.4,-2.2,44,,
951,9.4,-2.2,44,,
952,8.3,-1.1,52,,
953,7.8,-1.7,51,,
954,6.7,-2.2,53,,
955,6.7,-3.3,49,,
956,5,-2.2,60,,
957,4.4,-2.2,63,,
958,2.8,-1.1,76,,
959,1.7,-1.1,82,,
960,1,-1,87,,
961,1.1,-1.1,85,,
962,1.1,-0.6,89,,
963,1.1,-0.6,89,,
964,0.6,-0.6,92,,
965,0.6,-1.1,89,,
966,0.6,-1.1,89,,
967,0,-1.7,88,,
968,0,-1.7,88,,
969,0,-1.7,88,,
970,-0.6,-1.7,92,,
971,-0.6,-1.7,92,,
972,-0.6,-1.7,92,,
973,-0.6,-1.7,92,,
974,-0.6,-2.2,89,,
975,-0.6,-2.2,89,,
976,-0.6,-2.2,89,,
977,0,-2.2,85,,
978,-0.6,-2.2,89,,
979,0,-2.2,85,,
980,0,-2,87,,
981,-0.6,-2.2,89,,
982,0,-2.2,85,,
983,0,-2.2,85,,
984,0,-2.8,82,,
985,0,-2.2,85,,
986,0.6,-1.7,85,,
987,0.6,-1.7,85,,
988,0.6,-1.7,85,,
989,2.8,-3.3,65,,
990,3.9,-5.6,50,,
991,3.9,-8.3,41,,
992,3.3,-8.9,41,,
993,2.8,-9.4,41,,
994,2.2,-8.9,44,,
995,1.7,-10,42,,
996,1.1,-10.6,42,,
997,0.6,-10,46,,
998,0.6,-10,46,,
999,0,-9.4,50,,
1000,0,-9.4,50,,
1001,-0.6,-8.9,54,,
1002,-0.6,-8.9,54,,
1003,-0.6,-8.9,54,,
1004,-0.6,-8.9,54,,
1005,-0.6,-8.9,54,,
1006,-0.6,-8.3,57,,
1007,-0.6,-8.3,57,,
1008,0.6,-8.9,50,,
1009,1.1,-7.8,52,,
1010,2.8,-6.7,50,,
1011,3.3,-6.7,48,,
1012,3.9,-7.2,45,,
1013,3.3,-7.8,45,,
1014,3.9,-7.8,43,,
1015,4.4,-7.2,43,,
1016,3.3,-7.2,47,,
1017,3.9,-8.3,41,,
1018,3.9,-7.8,43,,
1019,3.9,-7.2,45,,
1020,3.3,-6.7,48,,
1021,3.3,-6.7,48,,
1022,2.8,-6.1,52,,
1023,2.8,-6.1,52,,
1024,2.2,-6.1,55,,
1025,2.2,-5.6,57,,
1026,2.2,-6.1,55,,
1027,1.7,-6.1,57,,
1028,1.7,-6.1,57,,
1029,1.1,-6.7,56,,
1030,1.7,-6.7,54,,
1031,1.7,-6.1,57,,
1032,2.8,-6.7,50,,
1033,3.9,-6.7,46,,
1034,5,-6.7,43,,
1035,5.6,-6.7,41,,
1036,7.2,-7.2,36,,
1037,8.3,-6.1,36,,
1038,7.8,-6.1,37,,
1039,7.2,-6.7,37,,
1040,6.1,-6.1,42,,
1041,5.6,-5,47,,
1042,5,-2.8,57,,
1043,4.4,-3.9,55,,
1044,3.9,-2.8,62,,
1045,3.9,-2.8,62,,
1046,4.4,-2.8,60,,
1047,3.9,-3.9,57,,
1048,3.9,-6.1,49,,
1049,3.3,-6.7,48,,
1050,3.3,-4.4,57,,
1051,3.3,-3.3,62,,
1052,3.3,-3.3,62,,
1053,3.3,-3.3,62,,
1054,3.3,-3.3,62,,
1055,3.3,-3.9,60,,
1056,3.3,-3.3,62,,
1057,3.3,-3.3,62,,
1058,3.3,-3.9,60,,
1059,2.8,-4.4,59,,
1060,2.8,-5,57,,
1061,2,-4,65,,
1062,1,-3,75,,
1063,1.1,-2.8,75,,
1064,0,-2.8,82,,
1065,0,-3.3,79,,
1066,0,-3.3,79,,
1067,0,-3,80,,
1068,0,-3.3,79,,
1069,0,-2.8,82,,
1070,0,-2.8,82,,
1071,-0.6,-3.9,79,,
1072,-0.6,-4.4,76,,
1073,-0.6,-4.4,76,,
1074,0,-3.9,75,,
1075,0,-4.4,73,,
1076,0.6,-5,66,,
1077,0.6,-5.6,64,,
1078,0,-5.6,66,,
1079,0,-6.1,64,,
1080,0,-6.1,64,,
1081,0,-6.1,64,,
1082,-0.6,-5.6,69,,
1083,-1.1,-5.6,72,,
1084,-1.7,-6.1,72,,
1085,-2.2,-5.6,78,,
1086,-2,-6,74,,
1087,-1.7,-5.6,75,,
1088,-2.2,-5,81,,
1089,-2.2,-5.6,78,,
1090,-2.2,-5.6,78,,
1091,-2.2,-5.6,78,,
1092,-2.2,-6.1,75,,
1093,-2.2,-6.1,75,,
1094,-2.2,-5.6,78,,
1095,-2.2,-6.1,75,,
1096,-2.8,-6.1,78,,
1097,-2.8,-6.1,78,,
1098,-2.2,-6.1,75,,
1099,-2.2,-5.6,78,,
1100,-2.2,-5.6,78,,
1101,-1.7,-5.6,75,,
1102,-1.7,-6.1,72,,
1103,-0.6,-6.1,67,,
1104,-0.6,-5.6,69,,
1105,1,-5,65,,
1106,0.6,-5,66,,
1107,1.1,-5.6,61,,
1108,1.1,-5.6,61,,
1109,1.7,-5.6,59,,
1110,2.2,-5.6,57,,
1111,2.2,-5.6,57,,
1112,1.7,-5.6,59,,
1113,0.6,-5,66,,
1114,1.1,-4.4,67,,
1115,1.1,-4.4,67,,
1116,1.7,-4.4,64,,
1117,1.1,-3.9,70,,
1118,1.1,-3.9,70,,
1119,1.1,-3.3,73,,
1120,1.1,-3.3,73,,
1121,0.6,-3.3,75,,
1122,0.6,-2.8,78,,
1123,0.6,-2.8,78,,
1124,0.6,-2.2,82,,
1125,0.6,-2.2,82,,
1126,0.6,-2.2,82,,
1127,1,-2,81,,
1128,0.6,-1.7,85,,
1129,0.6,-1.7,85,,
1130,1,-2,81,,
1131,0.6,-2.2,82,,
1132,0.6,-2.2,82,,
1133,0.6,-2.8,78,,
1134,0.6,-2.8,78,,
1135,0.6,-2.8,78,,
1136,0.6,-2.8,78,,
1137,0.6,-2.8,78,,
1138,0.6,-2.8,78,,
1139,0.6,-2.2,82,,
1140,0.6,-2.2,82,,
1141,1,-2,81,,
1142,0.6,-2.2,82,,
1143,0.6,-2.2,82,,
1144,0.6,-2.2,82,,
1145,1.1,-1.7,82,,
1146,1.1,-1.7,82,,
1147,1.1,-2.2,79,,
1148,1.7,-2.2,76,,
1149,1.7,-2.2,76,,
1150,1.7,-3.3,70,,
1151,3,-5,56,,
1152,2.8,-4.4,59,,
1153,3.3,-5.6,53,,
1154,3.3,-7.2,47,,
1155,3.3,-7.2,47,,
1156,3.3,-7.8,45,,
1157,2.8,-7.8,46,,
1158,2.2,-8.3,46,,
1159,1.1,-8.9,48,,
1160,0.6,-8.9,50,,
1161,0,-9.4,50,,
1162,0,-8.9,52,,
1163,-0.6,-9.4,52,,
1164,-0.6,-10.6,47,,
1165,-1.1,-10,51,,
1166,-2.2,-8.3,63,,
1167,-2.8,-8.3,66,,
1168,-3.3,-9.4,63,,
1169,-3.3,-8.3,69,,
1170,-3.3,-8.3,69,,
1171,-3.3,-15.6,39,,
1172,-3.9,-17.8,34,,
1173,-4.4,-17.8,35,,
1174,-5,-17.8,37,,
1175,-5,-17.2,39,,
1176,-5,-18.3,35,,
1177,-4.4,-18.9,32,,
1178,-4.4,-19.4,31,,
1179,-3.3,-17.8,32,,
1180,-4.4,-19.4,31,,
1181,-3.9,-18.3,33,,
1182,-4.4,-17.8,35,,
1183,-4.4,-17.2,37,,
1184,-5,-19.4,32,,
1185,-5,-20,31,,
1186,-5.6,-21.1,29,,
1187,-6.1,-21.1,30,,
1188,-6.7,-20.6,33,,
1189,-6.7,-20,35,,
1190,-7.2,-19.4,38,,
1191,-7.8,-19.4,40,,
1192,-7.8,-19.4,40,,
1193,-7.8,-19.4,40,,
1194,-8.3,-19.4,41,,
1195,-8.3,-18.9,43,,
1196,-8.9,-19.4,43,,
1197,-8.9,-18.9,45,,
1198,-8.9,-18.9,45,,
1199,-8.9,-18.3,47,,
1200,-8.3,-18.3,45,,
1201,-7.2,-18.3,42,,
1202,-5.6,-19.4,34,,
1203,-3.9,-18.3,33,,
1204,-3.9,-18.3,33,,
1205,-3.9,-18.3,33,,
1206,-3.3,-18.3,31,,
1207,-3.3,-18.3,31,,
1208,-3.9,-17.8,34,,
1209,-4.4,-16.7,38,,
1210,-4.4,-15.6,42,,
1211,-5,-15,46,,
1212,-5,-15.6,44,,
1213,-5,-15.6,44,,
1214,-5.6,-15,48,,
1215,-5,-13.9,50,,
1216,-5.6,-13.3,55,,
1217,-6.1,-12.2,63,,
1218,-6.1,-11.7,65,,
1219,-6.1,-11.1,68,,
1220,-6.1,-11.1,68,,
1221,-6.1,-11.7,65,,
1222,-6.1,-13.9,55,,
1223,-6.1,-17.2,42,,
1224,-6.1,-17.8,40,,
1225,-6.1,-18.9,36,,
1226,-6.7,-21.1,32,,
1227,-6.7,-22.2,29,,
1228,-7.8,-23.9,27,,
1229,-7.8,-23.9,27,,
1230,-8.3,-25,26,,
1231,-9.4,-25,28,,
1232,-11.1,-27.2,26,,
1233,-12.2,-26.7,30,,
1234,-12.8,-26.7,31,,
1235,-13.9,-26.1,36,,
1236,-14.4,-26.7,36,,
1237,-14.4,-26.1,38,,
1238,-14.4,-25.6,39,,
1239,-14.4,-26.1,38,,
1240,-14.4,-26.1,38,,
1241,-15,-26.1,39,,
1242,-15,-25.6,41,,
1243,-16.1,-24.4,50,,
1244,-16.1,-26.7,41,,
1245,-17.2,-27.8,41,,
1246,-17.8,-27.8,43,,
1247,-18.3,-27.8,44,,
1248,-17.8,-28.3,41,,
1249,-16.7,-28.3,37,,
1250,-15,-27.2,36,,
1251,-12.8,-27.2,30,,
1252,-11.7,-26.7,29,,
1253,-11.1,-27.8,25,,
1254,-10,-26.7,25,,
1255,-9.4,-26.7,24,,
1256,-9.4,-26.7,24,,
1257,-9.4,-26.1,25,,
1258,-9.4,-26.1,25,,
1259,-9.4,-25.6,27,,
1260,-10,-25.6,28,,
1261,-10,-25,29,,
1262,-10,-25,29,,
1263,-10,-24.4,31,,
1264,-10,-23.9,32,,
1265,-10,-23.9,32,,
1266,-10,-22.8,35,,
1267,-10,-22.8,35,,
1268,-9.4,-20.6,41,,
1269,-8.9,-18.3,47,,
1270,-8.3,-18.9,43,,
1271,-7.8,-18.3,44,,
1272,-7.2,-17.2,46,,
1273,-6.7,-15,52,,
1274,-6.1,-13.9,55,,
1275,-5.6,-13.9,53,,
1276,-5,-12.2,58,,
1277,-5,-10.6,65,,
1278,-5,-9.4,72,,
1279,-4.4,-8.9,71,,
1280,-4.4,-8.3,75,,
1281,-3.9,-8.3,72,,
1282,-3.9,-7.8,75,,
1283,-3.3,-6.1,81,,
1284,-3.3,-6.1,81,,
1285,-2.8,-5.6,81,,
1286,-2.8,-5,85,,
1287,-2.2,-4.4,85,,
1288,-2,-4,86,,
1289,-1.7,-3.9,85,,
1290,-1.1,-3.3,85,,
1291,-1.1,-2.8,88,,
1292,-1.1,-2.8,88,,
1293,-0.6,-2.2,89,,
1294,0,-1.7,88,,
1295,1,-1,87,,
1296,0.6,-1.1,89,,
1297,0.6,-1.1,89,,
1298,0.6,-1.1,89,,
1299,0.6,-1.1,89,,
1300,1.1,-0.6,89,,
1301,1.1,-0.6,89,,
1302,1.1,-0.6,89,,
1303,0.6,-1.1,89,,
1304,0.6,-1.1,89,,
1305,0.6,-0.6,92,,
1306,1.1,-0.6,89,,
1307,1.1,-0.6,89,,
1308,1.1,0,92,,
1309,1.7,0,89,,
1310,1.7,0,89,,
1311,1.7,0,89,,
1312,3.3,1.1,86,,
1313,3.3,2.2,93,,
1314,3.9,2.8,93,,
1315,6,5,93,,
1316,6.7,5,89,,
1317,8.3,6.7,90,,
1318,8.9,6.7,86,,
1319,8.9,6.7,86,,
1320,8.9,6.7,86,,
1321,8.3,6.1,86,,
1322,8.9,6.7,86,,
1323,8.9,6.7,86,,
1324,9.4,6.7,83,,
1325,9.4,6.7,83,,
1326,10,7.8,86,,
1327,10.6,7.8,83,,
1328,11.1,8.3,83,,
1329,11.1,8.3,83,,
1330,11.1,8.3,83,,
1331,11.7,8.9,83,,
1332,11.1,8.9,86,,
1333,11,9,88,,
1334,10.6,8.9,89,,
1335,11.1,8.9,86,,
1336,11.7,8.9,83,,
1337,11.7,8.9,83,,
1338,11.7,8.9,83,,
1339,11.7,8.9,83,,
1340,11.7,9.4,86,,
1341,11.7,9.4,86,,
1342,11.1,9.4,89,,
1343,11.7,8.9,83,,
1344,11.1,8.9,86,,
1345,11,9,88,,
1346,11.1,8.9,86,,
1347,11.1,8.9,86,,
1348,11.7,10,89,,
1349,11.7,10,89,,
1350,11.1,10,93,,
1351,11.1,9.4,89,,
1352,11.1,9.4,89,,
1353,11.1,9.4,89,,
1354,11.1,9.4,89,,
1355,11.7,10,89,,
1356,11.7,9.4,86,,
1357,11.7,8.9,83,,
1358,12,9,82,,
1359,11.7,8.9,83,,
1360,10.6,7.2,80,,
1361,8.9,3.9,71,,
1362,8.3,2.8,68,,
1363,7.8,2.8,71,,
1364,7,2,71,,
1365,7.2,1.7,68,,
1366,6.1,0,65,,
1367,5.6,-1.1,62,,
1368,3.9,-1.7,67,,
1369,3.3,-3.9,60,,
1370,3.3,-3.9,60,,
1371,2.8,-3.3,65,,
1372,2.8,-3.3,65,,
1373,3,-3,65,,
1374,2.8,-3.3,65,,
1375,2.8,-3.3,65,,
1376,2.8,-3.3,65,,
1377,2.8,-3.3,65,,
1378,2.8,-3.3,65,,
1379,2.8,-3.9,62,,
1380,3.9,-3.9,57,,
1381,3.9,-4.4,55,,
1382,3.9,-4.4,55,,
1383,3.9,-3.9,57,,
1384,3.9,-3.9,57,,
1385,3.9,-4.4,55,,
1386,3.9,-4.4,55,,
1387,3.3,-5,55,,
1388,2.8,-5.6,54,,
1389,2.8,-5.6,54,,
1390,2.8,-6.1,52,,
1391,2.8,-5.6,54,,
1392,2.2,-5,59,,
1393,2.2,-4.4,62,,
1394,1.7,-4.4,64,,
1395,1.7,-5,61,,
1396,1.1,-6.1,59,,
1397,0.6,-7.2,56,,
1398,0,-8.3,54,,
1399,-0.6,-10,50,,
1400,-1.1,-9.4,54,,
1401,-1.7,-11.1,49,,
1402,-2.2,-12.2,47,,
1403,-2.8,-11.7,51,,
1404,-1.7,-12.8,43,,
1405,-1.7,-13.3,41,,
1406,-1.1,-13.9,38,,
1407,0,-15,32,,
1408,0,-16.1,29,,
1409,1.7,-16.7,25,,
1410,1.7,-17.2,24,,
1411,1.7,-17.8,23,,
1412,1.7,-17.8,23,,
1413,0.6,-16.1,28,,
1414,0,-16.7,28,,
1415,-0.6,-16.7,29,,
1416,-1.1,-16.7,30,,
1417,-1.7,-16.7,32,,
1418,-2.2,-16.7,33,,
1419,-2.2,-16.1,34,,
1420,-2.8,-15,39,,
1421,-3.3,-15,41,,
1422,-3.9,-15,43,,
1423,-3.9,-13.9,46,,
1424,-4.4,-14.4,46,,
1425,-3.9,-14.4,45,,
1426,-3.9,-13.9,46,,
1427,-2.8,-16.1,36,,
1428,-1.7,-15.6,35,,
1429,-0.6,-14.4,35,,
1430,0,-13.3,37,,
1431,1.7,-12.8,34,,
1432,2.2,-13.3,31,,
1433,1.7,-13.3,33,,
1434,1.7,-10.6,40,,
1435,1.7,-7.8,50,,
1436,1.1,-6.1,59,,
1437,1.7,-4.4,64,,
1438,2.2,-3.9,64,,
1439,2.8,-2.8,67,,
1440,3.3,-2.2,68,,
1441,3.3,-2.2,68,,
1442,3.3,-1.7,70,,
1443,3.3,-1.7,70,,
1444,3.9,-1.7,67,,
1445,3.9,-1.1,70,,
1446,3.9,-1.1,70,,
1447,4.4,-0.6,70,,
1448,5,-0.6,67,,
1449,5,-0.6,67,,
1450,6.1,-2.2,56,,
1451,6.1,-2.8,53,,
1452,6.1,-3.3,51,,
1453,6.1,-3.3,51,,
1454,6.7,-3.3,49,,
1455,7.2,-3.3,48,,
1456,9.4,-2.2,44,,
1457,11.1,-1.7,41,,
1458,12.8,-1.1,38,,
1459,13.9,-1.1,36,,
1460,14.4,0,37,,
1461,16.1,0,34,,
1462,16.1,0,34,,
1463,15.6,0,35,,
1464,15,-0.6,35,,
1465,14.4,-1.1,35,,
1466,13.9,-0.6,37,,
1467,12.8,0.6,43,,
1468,12.2,1.7,49,,
1469,12.2,1.7,49,,
1470,12.2,1.7,49,,
1471,12.2,2.2,51,,
1472,11.1,1.7,53,,
1473,11.1,1.1,50,,
1474,10,1.1,54,,
1475,10,0.6,52,,
1476,10.6,-0.6,46,,
1477,10,-0.6,48,,
1478,10.6,-0.6,46,,
1479,10.6,-0.6,46,,
1480,11.1,-0.6,45,,
1481,11.7,-1.1,41,,
1482,11.7,-1.7,40,,
1483,11.7,-2.2,38,,
1484,12.2,-1.7,38,,
1485,12.8,-1.7,37,,
1486,12.2,-1.7,38,,
1487,12.2,-1.1,40,,
1488,11.7,-1.1,41,,
1489,10,1.1,54,,
1490,10.6,1.1,52,,
1491,9.4,2.2,61,,
1492,8.3,2.2,66,,
1493,7.8,1.1,63,,
1494,7.2,-0.6,58,,
1495,6.7,-0.6,60,,
1496,6.1,-1.7,58,,
1497,5.6,-3.3,53,,
1498,4.4,-3.9,55,,
1499,4.4,-3.9,55,,
1500,3.9,-3.3,60,,
1501,3.3,-3.3,62,,
1502,4.4,-3.9,55,,
1503,5.6,-3.3,53,,
1504,6.1,-3.3,51,,
1505,6.7,-3.9,47,,
1506,8.3,-3.9,42,,
1507,9.4,-4.4,38,,
1508,10.6,-5.6,32,,
1509,10.6,-5,33,,
1510,11.1,-5.6,31,,
1511,10.6,-6.7,29,,
1512,9.4,-7.8,29,,
1513,6.7,-1.7,55,,
1514,6.7,-2.8,51,,
1515,7.2,-4.4,44,,
1516,5,-3.3,55,,
1517,5,-6.1,45,,
1518,3.9,-10,36,,
1519,3.3,-10.6,36,,
1520,2.8,-11.1,36,,
1521,2.2,-10,41,,
1522,2.2,-5.6,57,,
1523,2.2,-2.8,70,,
1524,2.8,-1.7,73,,
1525,2.8,-1.1,76,,
1526,2.8,-0.6,79,,
1527,3.3,0,79,,
1528,3.9,0.6,79,,
1529,3.9,0.6,79,,
1530,3.9,0,76,,
1531,3.9,0,76,,
1532,3.9,-0.6,73,,
1533,3.3,-1.7,70,,
1534,2.8,-1.1,76,,
1535,2.8,0,82,,
1536,2.8,0,82,,
1537,2.8,0,82,,
1538,2.2,0,86,,
1539,2.2,0,86,,
1540,2.2,0,86,,
1541,2.2,0,86,,
1542,1.7,0,89,,
1543,1.7,-0.6,85,,
1544,1.7,0,89,,
1545,1.7,0,89,,
1546,1.7,0,89,,
1547,1.7,0,89,,
1548,1.7,-0.6,85,,
1549,2,-1,81,,
1550,1.7,-0.6,85,,
1551,1.7,-0.6,85,,
1552,1.7,0,89,,
1553,1.7,0,89,,
1554,1.7,0,89,,
1555,1.7,0,89,,
1556,2.2,0,86,,
1557,2.2,0,86,,
1558,2.2,0.6,89,,
1559,2.2,0.6,89,,
1560,2.2,0.6,89,,
1561,2.2,0.6,89,,
1562,2.8,1.1,89,,
1563,2.8,1.1,89,,
1564,2.8,1.1,89,,
1565,2.8,1.1,89,,
1566,2.8,1.1,89,,
1567,3.3,1.7,89,,
1568,3.3,1.7,89,,
1569,3.3,1.7,89,,
1570,3.3,1.7,89,,
1571,3.3,1.7,89,,
1572,3,2,93,,
1573,3.3,1.7,89,,
1574,3.3,1.7,89,,
1575,3.3,1.7,89,,
1576,3.3,1.7,89,,
1577,3.3,1.7,89,,
1578,3.3,1.7,89,,
1579,3.3,2.2,93,,
1580,3.3,2.2,93,,
1581,4,2,87,,
1582,3.9,2.2,89,,
1583,3.9,2.8,93,,
1584,4.4,2.8,89,,
1585,4.4,2.8,89,,
1586,4.4,2.8,89,,
1587,4.4,3.3,93,,
1588,5,3,87,,
1589,5,3.3,89,,
1590,5,3.3,89,,
1591,5,3.9,93,,
1592,5.6,3.9,89,,
1593,5,3.9,93,,
1594,5.6,3.9,89,,
1595,5.6,4.4,92,,
1596,6.1,4.4,89,,
1597,6.1,4.4,89,,
1598,6.1,5,93,,
1599,6.7,5,89,,
1600,7.2,5.6,90,,
1601,7.2,6.1,93,,
1602,7.8,6.1,89,,
1603,8.3,6.7,90,,
1604,12.2,11.1,93,,
1605,12.8,11.7,93,,
1606,12.8,11.7,93,,
1607,12.8,11.7,93,,
1608,12.2,11.1,93,,
1609,12.2,11.1,93,,
1610,12.8,11.7,93,,
1611,12.8,11.7,93,,
1612,13,12,94,,
1613,12.8,11.7,93,,
1614,12.8,11.7,93,,
1615,13.3,12.2,93,,
1616,13.3,12.2,93,,
1617,14.4,13.3,93,,
1618,13.9,12.2,89,,
1619,14.4,12.8,90,,
1620,13.9,12.8,93,,
1621,13.9,12.8,93,,
1622,14.4,13.3,93,,
1623,14.4,12.8,90,,
1624,14.4,12.8,90,,
1625,13.9,12.2,89,,
1626,13.9,12.8,93,,
1627,15,13.3,90,,
1628,15.6,13.3,86,,
1629,15,12.8,87,,
1630,15,13.3,90,,
1631,15.6,13.3,86,,
1632,13.9,11.7,87,,
1633,13.3,11.1,87,,
1634,11.7,10,89,,
1635,11.7,8.9,83,,
1636,11.7,8.3,80,,
1637,11.7,8.9,83,,
1638,12.8,5.6,62,,
1639,11.7,3.9,59,,
1640,11.1,5,66,,
1641,11.1,5,66,,
1642,10.6,3.3,61,,
1643,10,3.9,66,,
1644,10,3.9,66,,
1645,9.4,3.3,66,,
1646,9,1,58,,
1647,8.9,1.1,58,,
1648,8.9,1.1,58,,
1649,8.9,-0.6,52,,
1650,8.3,-1.1,52,,
1651,7.2,-1.1,56,,
1652,4.4,-0.6,70,,
1653,5,-1.1,65,,
1654,5,-1.7,62,,
1655,4.4,-1.1,68,,
1656,4.4,-1.1,68,,
1657,4.4,-1.1,68,,
1658,3.9,-1.1,70,,
1659,3.9,-1.1,70,,
1660,3.9,-1.1,70,,
1661,4.4,-1.7,65,,
1662,4.4,-2.2,63,,
1663,4.4,-2.2,63,,
1664,3.3,-1.7,70,,
1665,3.3,-1.7,70,,
1666,3.3,-3.3,62,,
1667,3.3,-7.2,47,,
1668,2.2,-7.8,48,,
1669,2.2,-7.2,50,,
1670,1.7,-7.2,52,,
1671,1.1,-8.9,48,,
1672,0.6,-9.4,48,,
1673,0,-10,48,,
1674,-0.6,-11.7,43,,
1675,0,-12.2,40,,
1676,0.6,-12.2,38,,
1677,1.1,-12.8,35,,
1678,1.7,-12.8,34,,
1679,1.7,-13.3,33,,
1680,2.2,-15,27,,
1681,1.7,-16.7,25,,
1682,1.7,-17.2,24,,
1683,1.1,-17.8,24,,
1684,0,-17.2,27,,
1685,0,-16.7,28,,
1686,-1.1,-16.7,30,,
1687,-1.1,-15.6,33,,
1688,-1.7,-14.4,38,,
1689,-2.2,-13.9,41,,
1690,-2.2,-13.9,41,,
1691,-2.8,-13.9,43,,
1692,-2.8,-13.3,45,,
1693,-2.8,-13.3,45,,
1694,-3.3,-12.8,49,,
1695,-2.8,-12.8,47,,
1696,-2.8,-12.8,47,,
1697,-2.8,-12.2,49,,
1698,-2.2,-11.7,49,,
1699,-1.1,-11.1,47,,
1700,-0.6,-11.1,46,,
1701,0,-11.7,42,,
1702,2.2,-11.1,37,,
1703,2.8,-11.1,36,,
1704,3.9,-11.7,32,,
1705,4.4,-11.1,32,,
1706,5,-10.6,32,,
1707,4.4,-10.6,33,,
1708,4.4,-10,35,,
1709,4.4,-8.9,38,,
1710,3.9,-8.3,41,,
1711,3.9,-8.3,41,,
1712,3.9,-7.8,43,,
1713,3.9,-7.8,43,,
1714,3.9,-7.2,45,,
1715,3.9,-7.2,45,,
1716,3.9,-7.2,45,,
1717,3.3,-6.7,48,,
1718,3.3,-6.7,48,,
1719,3.3,-6.1,51,,
1720,3.3,-6.1,51,,
1721,3.9,-6.1,49,,
1722,3.9,-6.1,49,,
1723,5,-6.1,45,,
1724,7.2,-6.1,39,,
1725,9.4,-5.6,35,,
1726,11.7,-4.4,32,,
1727,13.9,-3.3,30,,
1728,14.4,-3.3,30,,
1729,15.6,-2.8,28,,
1730,15.6,-3.3,27,,
1731,15.6,-2.8,28,,
1732,15,-3.3,28,,
1733,14.4,-3.3,30,,
1734,13.9,-3.9,29,,
1735,12.8,-3.3,33,,
1736,11.7,-1.7,40,,
1737,10.6,-0.6,46,,
1738,11.1,-0.6,45,,
1739,10.6,-0.6,46,,
1740,10.6,-0.6,46,,
1741,10,-0.6,48,,
1742,10,-1.1,46,,
1743,10,-1.1,46,,
1744,10.6,-1.1,44,,
1745,10,-1.1,46,,
1746,10,-1.1,46,,
1747,11.1,-0.6,45,,
1748,11.1,-0.6,45,,
1749,10,1.1,54,,
1750,8.3,4.4,77,,
1751,11.1,4.4,63,,
1752,13.9,4.4,53,,
1753,15.6,3.3,44,,
1754,15.6,1.1,38,,
1755,14.4,-0.6,36,,
1756,12.8,-2.8,34,,
1757,11.7,-3.3,35,,
1758,10.6,-4.4,35,,
1759,9.4,-3.3,41,,
1760,8.9,-3.3,42,,
1761,8.9,-3.3,42,,
1762,8.3,-3.3,44,,
1763,8.9,-2.8,44,,
1764,7.8,-2.8,47,,
1765,8.3,-2.8,46,,
1766,7.8,-2.8,47,,
1767,5.6,-2.8,55,,
1768,5,-4.4,51,,
1769,4.4,-5.6,49,,
1770,3.9,-6.1,49,,
1771,3.9,-7.2,45,,
1772,5.6,-9.4,34,,
1773,6.7,-11.7,26,,
1774,8.3,-10,27,,
1775,9.4,-7.8,29,,
1776,10.6,-8.3,26,,
1777,8.9,-4.4,39,,
1778,8.3,-4.4,41,,
1779,7.2,-2.8,49,,
1780,7.2,-1.1,56,,
1781,7.2,0,60,,
1782,7.8,1.7,66,,
1783,8.9,3.3,68,,
1784,9.4,5,74,,
1785,10,6.7,80,,
1786,11.1,7.2,77,,
1787,11.1,7.2,77,,
1788,11.1,7.2,77,,
1789,10.6,7.8,83,,
1790,11.7,8.9,83,,
1791,12.2,7.2,72,,
1792,10,4.4,68,,
1793,10.6,5.6,71,,
1794,8.3,-1.1,52,,
1795,6.7,-4.4,45,,
1796,6.1,-6.1,42,,
1797,5.6,-8.3,37,,
1798,4.4,-11.7,31,,
1799,4.4,-11.7,31,,
1800,5.6,-11.7,28,,
1801,4.4,-12.2,29,,
1802,4.4,-12.2,29,,
1803,3.9,-12.8,29,,
1804,2.8,-13.3,30,,
1805,1.7,-12.8,34,,
1806,1.1,-12.8,35,,
1807,0,-12.2,40,,
1808,-0.6,-12.8,40,,
1809,-1.1,-12.8,41,,
1810,-1.7,-13.9,40,,
1811,-2.2,-13.9,41,,
1812,-2.2,-13.9,41,,
1813,-2.8,-13.9,43,,
1814,-3.3,-13.9,44,,
1815,-3.3,-14.4,43,,
1816,-3.3,-14.4,43,,
1817,-3.3,-15,41,,
1818,-3.3,-15,41,,
1819,-3.3,-15,41,,
1820,-2.2,-15.6,36,,
1821,-0.6,-15.6,32,,
1822,0,-15.6,31,,
1823,1.1,-16.1,27,,
1824,1.1,-16.1,27,,
1825,1.1,-16.1,27,,
1826,1.7,-16.1,26,,
1827,1.7,-15,28,,
1828,1.1,-15,30,,
1829,1.7,-13.9,31,,
1830,1.7,-14.4,30,,
1831,1.1,-9.4,46,,
1832,1.1,-8.9,48,,
1833,1.1,-9.4,46,,
1834,1.7,-8.3,48,,
1835,0.6,-6.7,59,,
1836,0,-3.9,75,,
1837,-0.6,-3.3,82,,
1838,-0.6,-3.3,82,,
1839,-1.1,-3.9,82,,
1840,-1.1,-4.4,79,,
1841,-0.6,-3.9,79,,
1842,-1.1,-3.9,82,,
1843,-1.1,-3.9,82,,
1844,-1.1,-3.9,82,,
1845,0,-3.9,75,,
1846,1.1,-4.4,67,,
1847,1.7,-5,61,,
1848,2.8,-6.1,52,,
1849,3.9,-6.1,49,,
1850,3.9,-7.2,45,,
1851,3.3,-7.8,45,,
1852,2.8,-8.3,44,,
1853,2.2,-8.9,44,,
1854,1.7,-8.3,48,,
1855,1.1,-9.4,46,,
1856,1.1,-10,44,,
1857,0.6,-9.4,48,,
1858,0,-9.4,50,,
1859,-0.6,-10,50,,
1860,-0.6,-10,50,,
1861,-1.1,-10.6,49,,
1862,-1.1,-10.6,49,,
1863,-1.7,-10.6,51,,
1864,-2.2,-10.6,53,,
1865,-1.7,-11.1,49,,
1866,-1.1,-12.8,41,,
1867,0,-12.2,40,,
1868,1.7,-12.2,35,,
1869,2.8,-11.7,34,,
1870,2.2,-12.2,34,,
1871,3.3,-12.2,32,,
1872,3.3,-13.3,29,,
1873,4.4,-14.4,25,,
1874,3.9,-13.9,27,,
1875,3.3,-8.9,41,,
1876,2.8,-8.3,44,,
1877,2.2,-8.3,46,,
1878,1.7,-6.1,57,,
1879,2.2,-6.7,52,,
1880,1.7,-6.1,57,,
1881,1.1,-6.1,59,,
1882,1.7,-7.2,52,,
1883,1.1,-8.9,48,,
1884,1.1,-13.9,32,,
1885,0.6,-15,31,,
1886,0,-15.6,31,,
1887,0.6,-13.3,35,,
1888,0.6,-13.9,34,,
1889,1.1,-11.7,38,,
1890,2.2,-11.7,36,,
1891,2.8,-10.6,37,,
1892,3.3,-9.4,39,,
1893,4.4,-8.3,40,,
1894,4.4,-8.3,40,,
1895,5.6,-8.9,35,,
1896,6.7,-8.3,34,,
1897,6.7,-8.9,32,,
1898,6.7,-8.9,32,,
1899,6.1,-8.9,34,,
1900,5.6,-8.9,35,,
1901,4.4,-8.9,38,,
1902,4.4,-7.2,43,,
1903,4.4,-6.7,45,,
1904,3.9,-5.6,50,,
1905,3.9,-5,53,,
1906,3.3,-5.6,53,,
1907,3.3,-4.4,57,,
1908,2.8,-3.9,62,,
1909,2.8,-3.9,62,,
1910,3.9,-4.4,55,,
1911,2.2,-3.3,67,,
1912,2.8,-3.3,65,,
1913,3.3,-2.2,68,,
1914,4.4,-1.7,65,,
1915,6.7,-1.1,58,,
1916,8.3,-1.1,52,,
1917,10,-0.6,48,,
1918,11.7,-0.6,43,,
1919,13.3,0,40,,
1920,14.4,0,37,,
1921,15.6,0.6,36,,
1922,15.6,0.6,36,,
1923,15.6,0.6,36,,
1924,15,0.6,38,,
1925,13.9,1.1,42,,
1926,13.3,1.1,44,,
1927,12.8,1.1,45,,
1928,12.8,1.7,47,,
1929,12.2,1.1,47,,
1930,11.7,1.1,48,,
1931,11.7,1.1,48,,
1932,10.6,1.7,54,,
1933,11.1,1.1,50,,
1934,10,0,50,,
1935,8.9,0.6,56,,
1936,9.4,1.1,56,,
1937,10,0,50,,
1938,12.2,0.6,45,,
1939,14.4,0.6,39,,
1940,16.7,1.7,37,,
1941,18.3,1.7,33,,
1942,16.7,0,32,,
1943,16.7,1.1,35,,
1944,15.6,1.1,38,,
1945,13.3,2.2,47,,
1946,12.8,2.8,51,,
1947,11.7,3.3,57,,
1948,10.6,3.3,61,,
1949,10.6,3.3,61,,
1950,10,3.9,66,,
1951,10,3.9,66,,
1952,9.4,3.9,69,,
1953,8.9,4.4,74,,
1954,8.3,4.4,77,,
1955,8.3,4.4,77,,
1956,7.8,4.4,79,,
1957,7.8,3.9,76,,
1958,7.2,3.9,80,,
1959,7.2,3.9,80,,
1960,7.2,3.9,80,,
1961,9.4,4.4,71,,
1962,12.8,5,59,,
1963,15,3.9,48,,
1964,18.3,3.9,39,,
1965,20.6,4.4,35,,
1966,23.3,3.3,27,,
1967,24.4,3.9,26,,
1968,22.8,4.4,30,,
1969,21.7,4.4,32,,
1970,22.2,5,33,,
1971,20.6,5,36,,
1972,22.2,3.3,29,,
1973,21.7,3.9,31,,
1974,22.2,2.2,27,,
1975,21.1,3.3,31,,
1976,20.6,4.4,35,,
1977,20.6,5.6,38,,
1978,19.4,6.1,42,,
1979,19.4,6.1,42,,
1980,18.9,6.1,43,,
1981,18.3,6.7,47,,
1982,18.3,6.7,47,,
1983,17.8,6.7,48,,
1984,17.8,6.7,48,,
1985,17.8,7.2,50,,
1986,19.4,7.2,45,,
1987,21.7,6.1,36,,
1988,23.3,6.7,34,,
1989,23.3,6.7,34,,
1990,23.9,7.2,34,,
1991,24.4,7.2,33,,
1992,25,6.1,30,,
1993,25.6,6.7,30,,
1994,25,7.2,32,,
1995,24.4,7.8,35,,
1996,23.9,8.3,37,,
1997,23.9,8.9,38,,
1998,22.2,10,46,,
1999,20.6,11.1,54,,
2000,20.6,11.1,54,,
2001,20,11.7,59,,
2002,19.4,12.2,63,,
2003,17.8,12.8,73,,
2004,14.4,10.6,78,,
2005,13.3,11.7,90,,
2006,13.3,11.1,87,,
2007,13.3,11.1,87,,
2008,13.9,10,77,,
2009,14.4,9.4,72,,
2010,14.4,6.1,58,,
2011,13.3,4.4,55,,
2012,14.4,3.3,47,,
2013,15,3.3,46,,
2014,15,2.8,44,,
2015,16.7,2.2,38,,
2016,17.2,1.7,35,,
2017,17.2,0.6,33,,
2018,16.1,0,34,,
2019,15,-0.6,35,,
2020,13.9,-0.6,37,,
2021,12.8,-1.1,38,,
2022,11.7,-0.6,43,,
2023,10.6,-1.1,44,,
2024,10,-0.6,48,,
2025,8.9,-1.1,50,,
2026,8.3,-2.2,48,,
2027,7.8,-2.8,47,,
2028,6.7,-3.9,47,,
2029,6.1,-3.3,51,,
2030,5,-3.3,55,,
2031,4.4,-3.9,55,,
2032,5,-2.8,57,,
2033,6.1,-2.8,53,,
2034,8.3,-2.2,48,,
2035,9.4,-2.2,44,,
2036,11.7,-1.7,40,,
2037,13.3,-2.2,34,,
2038,13.9,-2.8,32,,
2039,14.4,-0.6,36,,
2040,13.3,1.1,44,,
2041,12.8,1.7,47,,
2042,13.3,1.7,45,,
2043,13.3,2.2,47,,
2044,13.9,2.8,47,,
2045,13.3,3.3,51,,
2046,13.3,3.3,51,,
2047,12.8,3.3,53,,
2048,12.2,3.3,55,,
2049,11.7,3.3,57,,
2050,11.1,3.3,59,,
2051,11.1,3.3,59,,
2052,11.1,3.3,59,,
2053,11.1,3.3,59,,
2054,11.7,3.3,57,,
2055,11.7,2.8,55,,
2056,12.2,2.2,51,,
2057,13.3,0.6,42,,
2058,14.4,-0.6,36,,
2059,15.6,-1.1,32,,
2060,15.6,-1.7,31,,
2061,16.1,-1.7,30,,
2062,16.1,-2.2,29,,
2063,16.1,-3.3,26,,
2064,16.7,-3.3,25,,
2065,16.1,-3.9,25,,
2066,16.1,-2.8,27,,
2067,15.6,-2.2,30,,
2068,13.9,-1.1,36,,
2069,12.8,0.6,43,,
2070,11.7,1.1,48,,
2071,11.1,-0.6,45,,
2072,11.1,0,47,,
2073,10,1.1,54,,
2074,10,1.1,54,,
2075,10.6,-2.2,41,,
2076,10.6,-1.7,43,,
2077,10.6,-1.1,44,,
2078,10,1.1,54,,
2079,8.9,2.2,63,,
2080,8.3,1.1,61,,
2081,7.8,1.7,66,,
2082,6.1,2.8,80,,
2083,6.1,3.3,82,,
2084,6.7,2.8,76,,
2085,6.1,2.8,80,,
2086,6.1,2.2,76,,
2087,5.6,2.8,82,,
2088,5,2.8,86,,
2089,4.4,2.2,86,,
2090,4.4,2.2,86,,
2091,5,2.8,86,,
2092,5.6,3.3,85,,
2093,5.6,3.3,85,,
2094,5.6,3.9,89,,
2095,5.6,3.9,89,,
2096,6.1,3.9,86,,
2097,6.7,4.4,85,,
2098,6.7,4.4,85,,
2099,6.7,4.4,85,,
2100,7.2,5,86,,
2101,7.2,5,86,,
2102,7.2,5.6,90,,
2103,7.2,5.6,90,,
2104,7.2,5,86,,
2105,7.2,5,86,,
2106,7.2,5,86,,
2107,7.8,5.6,86,,
2108,8.9,5.6,80,,
2109,10,6.1,77,,
2110,11.1,6.1,71,,
2111,11.7,6.1,69,,
2112,11.7,6.1,69,,
2113,12.2,6.1,66,,
2114,12.2,6.1,66,,
2115,13.3,6.1,62,,
2116,13.3,5.6,60,,
2117,12.8,5.6,62,,
2118,12.8,6.1,64,,
2119,11.1,6.1,71,,
2120,10.6,6.1,74,,
2121,11.1,6.1,71,,
2122,11.7,6.7,71,,
2123,11.1,6.1,71,,
2124,10.6,6.1,74,,
2125,10,6.1,77,,
2126,9.4,5.6,77,,
2127,9.4,5.6,77,,
2128,9.4,6.1,80,,
2129,10,6.1,77,,
2130,11.7,6.1,69,,
2131,13.3,5.6,60,,
2132,14.4,6.1,58,,
2133,15,6.1,55,,
2134,15.6,6.1,53,,
2135,17.8,6.7,48,,
2136,17,6,48,,
2137,16.7,5.6,48,,
2138,15,5.6,53,,
2139,13.3,5.6,60,,
2140,11.7,7.2,74,,
2141,11.7,7.2,74,,
2142,11.1,6.1,71,,
2143,10,5.6,74,,
2144,10,5.6,74,,
2145,10,5,71,,
2146,9.4,4.4,71,,
2147,8.9,5,77,,
2148,8.3,5,80,,
2149,7.8,4.4,79,,
2150,7.8,4.4,79,,
2151,8.3,5,80,,
2152,8.9,5,77,,
2153,8.9,5,77,,
2154,10,5.6,74,,
2155,10.6,5.6,71,,
2156,12.8,5,59,,
2157,14.4,3.3,47,,
2158,16.1,1.1,36,,
2159,15.6,-2.2,30,,
2160,12.8,0,42,,
2161,15.6,0,35,,
2162,15,0,36,,
2163,10.6,2.8,59,,
2164,11.7,1.7,50,,
2165,12.2,0.6,45,,
2166,12.2,0.6,45,,
2167,11.7,1.1,48,,
2168,11.7,0.6,47,,
2169,11.7,0,45,,
2170,11.1,0,47,,
2171,10.6,-0.6,46,,
2172,10,-1.7,44,,
2173,10,-1.7,44,,
2174,9.4,-2.8,43,,
2175,8.9,-3.3,42,,
2176,8.9,-4.4,39,,
2177,8.9,-5.6,36,,
2178,9.4,-6.1,33,,
2179,10.6,-6.1,31,,
2180,11.1,-5.6,31,,
2181,12.8,-5,29,,
2182,13.3,-5.6,27,,
2183,13.3,-6.1,26,,
2184,12.8,-5.6,28,,
2185,13.3,-5,28,,
2186,11.7,-3.9,34,,
2187,11.7,-3.9,34,,
2188,11.1,-3.3,37,,
2189,10.6,-3.9,36,,
2190,9.4,-3.9,39,,
2191,8.9,-3.9,41,,
2192,7.2,-4.4,44,,
2193,6.1,-3.3,51,,
2194,5.6,-5,47,,
2195,5,-6.7,43,,
2196,5,-6.1,45,,
2197,3.9,-6.7,46,,
2198,3.3,-6.7,48,,
2199,2.8,-6.7,50,,
2200,2.2,-6.7,52,,
2201,2.8,-7.2,48,,
2202,3.3,-6.7,48,,
2203,4.4,-8.9,38,,
2204,4.4,-10,35,,
2205,5.6,-9.4,34,,
2206,6.7,-13.9,22,,
2207,6.7,-13.9,22,,
2208,7.2,-12.8,23,,
2209,7.2,-13.3,22,,
2210,7.2,-13.3,22,,
2211,7.8,-12.2,23,,
2212,7.8,-12.8,22,,
2213,7.2,-14.4,20,,
2214,7.2,-11.7,25,,
2215,6.7,-10.6,28,,
2216,6.1,-11.7,27,,
2217,4.4,-13.3,27,,
2218,3.9,-13.3,28,,
2219,3.3,-13.3,29,,
2220,2.8,-13.3,30,,
2221,2.2,-12.8,33,,
2222,1.7,-12.8,34,,
2223,1.1,-12.8,35,,
2224,0.6,-12.8,37,,
2225,0,-13.9,35,,
2226,1.1,-13.9,32,,
2227,1.1,-11.1,40,,
2228,1.1,-10,44,,
2229,2.2,-8.3,46,,
2230,2.8,-7.2,48,,
2231,3.9,-6.7,46,,
2232,5,-6.1,45,,
2233,4.4,-5.6,49,,
2234,3.9,-4.4,55,,
2235,3.9,-5,53,,
2236,3.9,-9.4,38,,
2237,3.9,-8.3,41,,
2238,1.7,-3.9,67,,
2239,1.1,-1.7,82,,
2240,0.6,-1.1,89,,
2241,1.1,-1.7,82,,
2242,0.6,-1.1,89,,
2243,0.6,-1.1,89,,
2244,0.6,-1.7,85,,
2245,0.6,-1.1,89,,
2246,0,-1.7,88,,
2247,0,-2.2,85,,
2248,0,-2.8,82,,
2249,0,-2.2,85,,
2250,1.1,-2.8,75,,
2251,2.8,-2.2,70,,
2252,4.4,-4.4,53,,
2253,6.7,-5,43,,
2254,8.3,-6.1,36,,
2255,8.9,-12.8,21,,
2256,8.9,-13.3,20,,
2257,9.4,-12.2,21,,
2258,8.3,-11.1,24,,
2259,7.8,-11.7,24,,
2260,6.7,-12.8,24,,
2261,6.1,-10,31,,
2262,5.6,-8.9,35,,
2263,5,-8.9,36,,
2264,3.9,-7.2,45,,
2265,3.3,-7.8,45,,
2266,2.8,-8.3,44,,
2267,2.2,-8.3,46,,
2268,2.2,-8.3,46,,
2269,2.2,-8.3,46,,
2270,2.2,-8.9,44,,
2271,2.2,-8.9,44,,
2272,1.7,-8.9,46,,
2273,1.7,-8.3,48,,
2274,2.8,-8.9,42,,
2275,5,-8.3,38,,
2276,6.1,-8.9,34,,
2277,7.2,-9.4,30,,
2278,8.9,-9.4,27,,
2279,10.6,-8.9,25,,
2280,12.2,-8.9,22,,
2281,12.2,-6.7,26,,
2282,12.8,-6.1,27,,
2283,12.8,-5,29,,
2284,12.2,-4.4,31,,
2285,11.7,-3.9,34,,
2286,11.7,-3.3,35,,
2287,11.1,-0.6,45,,
2288,10.6,-0.6,46,,
2289,9.4,-0.6,50,,
2290,9.4,-1.1,48,,
2291,10,-1.1,46,,
2292,9.4,-0.6,50,,
2293,9.4,-0.6,50,,
2294,10,0,50,,
2295,10,0,50,,
2296,10,0.6,52,,
2297,10.6,0.6,50,,
2298,11.1,0,47,,
2299,12.8,0,42,,
2300,14.4,-0.6,36,,
2301,15.6,-1.1,32,,
2302,16.7,-2.2,28,,
2303,18.3,-2.8,24,,
2304,19.4,-2.2,23,,
2305,20.6,-2.2,22,,
2306,21.7,-2.2,20,,
2307,21.1,-2.2,21,,
2308,20.6,-2.2,22,,
2309,18.9,-2.2,24,,
2310,17.2,0,31,,
2311,15.6,0.6,36,,
2312,14.4,1.7,42,,
2313,12.2,1.7,49,,
2314,11.7,2.2,52,,
2315,10,2.8,61,,
2316,7.8,2.2,68,,
2317,7.2,1.7,68,,
2318,7.2,1.7,68,,
2319,6.7,1.7,71,,
2320,6.7,1.1,68,,
2321,6.7,0,63,,
2322,7.2,0.6,63,,
2323,8.3,0.6,59,,
2324,9.4,1.7,59,,
2325,9.4,1.7,59,,
2326,10.6,2.2,56,,
2327,11.7,2.8,55,,
2328,11.7,2.8,55,,
2329,10.6,2.2,56,,
2330,10,2.2,59,,
2331,9.4,3.9,69,,
2332,8.3,3.9,74,,
2333,7.8,4.4,79,,
2334,7.8,5,83,,
2335,7.8,5,83,,
2336,7.2,5,86,,
2337,7.2,5,86,,
2338,7.8,5.6,86,,
2339,8.3,6.1,86,,
2340,8.3,6.1,86,,
2341,10,7.2,83,,
2342,10,7.8,86,,
2343,10.6,8.3,86,,
2344,11.1,8.9,86,,
2345,11.7,9.4,86,,
2346,16.1,11.7,75,,
2347,17.8,12.8,73,,
2348,18.9,12.2,65,,
2349,19.4,12.2,63,,
2350,17.8,14.4,80,,
2351,20,13.3,65,,
2352,21.7,11.1,51,,
2353,21.7,10.6,49,,
2354,21.7,10,47,,
2355,21.1,7.8,42,,
2356,20,5,37,,
2357,17.2,4.4,43,,
2358,15,2.8,44,,
2359,12.8,1.7,47,,
2360,11.1,0,47,,
2361,8.9,1.1,58,,
2362,6.7,0,63,,
2363,6.1,-1.1,60,,
2364,4.4,-1.7,65,,
2365,5,-2.2,60,,
2366,4.4,-3.3,58,,
2367,3.9,-3.9,57,,
2368,3.3,-3.9,60,,
2369,3.9,-3.9,57,,
2370,5,-3.3,55,,
2371,6.1,-3.3,51,,
2372,7.2,-2.8,49,,
2373,9.4,-1.7,46,,
2374,10,-1.7,44,,
2375,12.2,-1.1,40,,
2376,12.2,-0.6,41,,
2377,11.7,0,45,,
2378,9.4,1.1,56,,
2379,8.3,1.1,61,,
2380,7.2,1.1,65,,
2381,6.7,1.1,68,,
2382,6.7,1.7,71,,
2383,6.1,1.1,71,,
2384,6.1,1.7,74,,
2385,6.7,1.7,71,,
2386,6.1,1.7,74,,
2387,6.1,1.7,74,,
2388,6.1,1.7,74,,
2389,6.1,1.1,71,,
2390,6.1,1.1,71,,
2391,6.1,1.1,71,,
2392,6.1,1.7,74,,
2393,6.1,1.7,74,,
2394,6.1,1.1,71,,
2395,7.8,1.1,63,,
2396,8.3,1.1,61,,
2397,10.6,1.1,52,,
2398,10.6,1.1,52,,
2399,12.2,1.7,49,,
2400,10.6,1.7,54,,
2401,10,1.1,54,,
2402,8.9,1.1,58,,
2403,8.3,1.1,61,,
2404,7.2,1.1,65,,
2405,7.2,0.6,63,,
2406,7.2,1.1,65,,
2407,7.2,1.1,65,,
2408,7.2,1.1,65,,
2409,7.2,1.7,68,,
2410,6.7,0.6,65,,
2411,7.2,1.1,65,,
2412,6.7,2.2,73,,
2413,5.6,3.3,85,,
2414,5.6,3.9,89,,
2415,5.6,3.9,89,,
2416,5.6,3.9,89,,
2417,6.1,4.4,89,,
2418,6.1,4.4,89,,
2419,6.7,5,89,,
2420,7.2,5.6,90,,
2421,7.2,5.6,90,,
2422,8.3,6.1,86,,
2423,7.8,6.1,89,,
2424,9.4,7.2,86,,
2425,13.9,8.3,69,,
2426,15.6,6.1,53,,
2427,15.6,1.7,39,,
2428,13.9,1.1,42,,
2429,13.3,1.1,44,,
2430,12.8,0.6,43,,
2431,11.1,1.7,53,,
2432,10.6,-1.7,43,,
2433,10,-2.2,43,,
2434,8.9,-1.7,48,,
2435,8.3,-2.2,48,,
2436,7.8,-2.8,47,,
2437,7.2,-2.2,52,,
2438,7.2,-2.2,52,,
2439,7.2,-2.8,49,,
2440,6.7,-3.3,49,,
2441,6.7,-3.9,47,,
2442,6.7,-5.6,42,,
2443,7.8,-6.7,35,,
2444,8.9,-7.8,30,,
2445,9.4,-8.3,28,,
2446,10,-10,24,,
2447,10.6,-10,23,,
2448,11.1,-10.6,21,,
2449,11.1,-11.1,20,,
2450,11.1,-11.7,19,,
2451,10,-12.2,20,,
2452,9.4,-13.3,19,,
2453,8.9,-13.9,19,,
2454,7.8,-13.9,20,,
2455,6.7,-13.3,23,,
2456,6.1,-12.2,26,,
2457,5,-11.7,29,,
2458,4.4,-11.7,31,,
2459,3.9,-12.2,30,,
2460,3.3,-11.1,35,,
2461,3.3,-11.7,33,,
2462,3.3,-11.1,35,,
2463,2.8,-11.1,36,,
2464,2.8,-10.6,37,,
2465,3.3,-11.1,35,,
2466,5.6,-10.6,31,,
2467,7.8,-10,28,,
2468,8.9,-10.6,24,,
2469,11.1,-10.6,21,,
2470,10.6,-11.7,20,,
2471,11.7,-10.6,20,,
2472,11.1,-7.8,26,,
2473,10,-5,35,,
2474,8.9,-2.2,46,,
2475,10,-1.1,46,,
2476,9.4,0,52,,
2477,9.4,0,52,,
2478,9.4,-0.6,50,,
2479,9.4,-3.3,41,,
2480,8.3,-2.8,46,,
2481,9.4,-3.3,41,,
2482,10,-5,35,,
2483,10,-1.7,44,,
2484,10,0.6,52,,
2485,10,1.7,57,,
2486,10.6,3.3,61,,
2487,11.1,3.9,61,,
2488,11.1,5,66,,
2489,12.8,5.6,62,,
2490,14.4,6.1,58,,
2491,16.7,6.7,52,,
2492,18.3,6.7,47,,
2493,19.4,6.7,44,,
2494,20.6,7.2,42,,
2495,21.1,7.2,41,,
2496,22.2,7.8,40,,
2497,22.2,7.8,40,,
2498,20,7.8,45,,
2499,19.4,8.3,49,,
2500,18.3,8.3,52,,
2501,17.8,8.9,56,,
2502,17.8,9.4,58,,
2503,16.7,10,65,,
2504,16.7,11.7,72,,
2505,17.8,12.8,73,,
2506,17.8,13.3,75,,
2507,18.3,13.9,75,,
2508,18.9,13.9,73,,
2509,18.9,14.4,75,,
2510,19.4,14.4,73,,
2511,17.8,13.3,75,,
2512,22.2,14.4,61,,
2513,23.9,13.9,53,,
2514,25.6,13.3,46,,
2515,25.6,12.8,45,,
2516,25,12.2,45,,
2517,21.7,13.3,59,,
2518,18.9,14.4,75,,
2519,20.6,13.9,65,,
2520,20.6,13.3,63,,
2521,21,10,49,,
2522,16.7,6.1,50,,
2523,16.1,5.6,50,,
2524,15.6,4.4,47,,
2525,14.4,5.6,56,,
2526,13.3,5.6,60,,
2527,12.2,6.7,69,,
2528,12.2,6.7,69,,
2529,12.2,6.1,66,,
2530,11.1,7.2,77,,
2531,10,6.7,80,,
2532,9.4,6.1,80,,
2533,10.6,7.2,80,,
2534,10.6,5.6,71,,
2535,11.1,3.3,59,,
2536,12.8,3.9,55,,
2537,12.2,4.4,59,,
2538,12.8,2.8,51,,
2539,12.8,3.3,53,,
2540,11.1,6.1,71,,
2541,10,6.1,77,,
2542,10,6.7,80,,
2543,10.6,6.1,74,,
2544,10,6.7,80,,
2545,6.1,3.3,82,,
2546,5,1.7,79,,
2547,5.6,-1.1,62,,
2548,5,-2.2,60,,
2549,2.8,-1.1,76,,
2550,2.8,-5.6,54,,
2551,1.7,-8.9,46,,
2552,1.1,-11.1,40,,
2553,1.1,-11.7,38,,
2554,1.7,-12.8,34,,
2555,2.2,-13.9,30,,
2556,3.3,-12.8,30,,
2557,3.3,-15,25,,
2558,3.9,-14.4,26,,
2559,4.4,-15,23,,
2560,4.4,-14.4,25,,
2561,4.4,-13.9,26,,
2562,4.4,-13.9,26,,
2563,3.9,-13.3,28,,
2564,3.3,-12.8,30,,
2565,3.3,-12.8,30,,
2566,3.3,-12.2,32,,
2567,2.8,-9.4,41,,
2568,2.2,-10,41,,
2569,2.2,-9.4,43,,
2570,2.8,-7.8,46,,
2571,3.3,-6.1,51,,
2572,2.8,-4.4,59,,
2573,3.9,-0.6,73,,
2574,3.9,0.6,79,,
2575,4.4,1.1,79,,
2576,6.1,2,75,,
2577,6.1,3.3,82,,
2578,6.1,4.4,89,,
2579,6.1,4.4,89,,
2580,6.7,5,89,,
2581,6.7,5,89,,
2582,5,3.3,89,,
2583,3.9,2.2,89,,
2584,2.2,0,86,,
2585,1.1,-1.1,85,,
2586,0.6,-2.8,78,,
2587,0.6,-3.3,75,,
2588,0,-4.4,73,,
2589,-0.6,-5,72,,
2590,-1.1,-6.1,69,,
2591,-1.7,-7.8,64,,
2592,-2.2,-7.8,66,,
2593,-2.2,-10,56,,
2594,-2.8,-11.7,51,,
2595,-2.8,-11.7,51,,
2596,-3.3,-12.2,51,,
2597,-2.8,-13.3,45,,
2598,-2.2,-13.3,43,,
2599,-1.1,-13.3,40,,
2600,0,-13.9,35,,
2601,1.1,-13.9,32,,
2602,2.2,-15,27,,
2603,3.9,-13.9,27,,
2604,3.9,-15,24,,
2605,5.6,-13.9,24,,
2606,5,-15.6,21,,
2607,5,-17.2,19,,
2608,4.4,-17.8,19,,
2609,3.9,-17.2,20,,
2610,3.3,-17.8,20,,
2611,2.8,-17.2,22,,
2612,2.2,-15.6,26,,
2613,0.6,-13.9,34,,
2614,0.6,-13.9,34,,
2615,0,-15,32,,
2616,0,-15,32,,
2617,-0.6,-15,33,,
2618,-0.6,-15,33,,
2619,-1.1,-15.6,33,,
2620,-1.1,-12.2,43,,
2621,0,-11.7,42,,
2622,1.1,-11.7,38,,
2623,2.8,-12.2,33,,
2624,6.1,-11.1,28,,
2625,6.7,-12.2,25,,
2626,7.2,-9.4,30,,
2627,7.2,-8.3,33,,
2628,7.2,-7.8,34,,
2629,6.7,-6.1,40,,
2630,6.1,-6.1,42,,
2631,7.2,-6.1,39,,
2632,6.7,-3.9,47,,
2633,6.7,-1.7,55,,
2634,6.7,0,63,,
2635,7.2,1.1,65,,
2636,7.8,2.2,68,,
2637,8.3,3.3,71,,
2638,9,3.9,71,,
2639,8.9,4.4,74,,
2640,8.9,5,77,,
2641,9.4,5.6,77,,
2642,11.1,6.1,71,,
2643,11.7,6.7,71,,
2644,12.2,6.7,69,,
2645,12.2,7.2,72,,
2646,12.2,8.3,77,,
2647,13.3,8.3,72,,
2648,12.8,8.3,74,,
2649,12.8,9.4,80,,
2650,12.8,10,83,,
2651,11.7,10,89,,
2652,12.8,10.6,86,,
2653,14.4,10,75,,
2654,13.9,7.8,67,,
2655,13.9,5.6,57,,
2656,13.9,5,55,,
2657,13.3,3.9,53,,
2658,12.8,2.8,51,,
2659,13,3,51,,
2660,12.2,3.9,57,,
2661,11.1,3.9,61,,
2662,10,2.2,59,,
2663,9.4,1.7,59,,
2664,8.9,2.2,63,,
2665,8.9,1.7,61,,
2666,7.2,0,60,,
2667,7.2,-1.7,53,,
2668,8,-7,34,,
2669,6.7,-1.1,58,,
2670,7.2,-1.1,56,,
2671,8.3,-1.1,52,,
2672,7.8,-2.8,47,,
2673,7.8,-3.9,44,,
2674,8.3,-3.9,42,,
2675,6.7,-5.6,42,,
2676,7.2,-6.1,39,,
2677,6.7,-6.7,38,,
2678,7.8,-6.7,35,,
2679,8,-7,34,,
2680,7.8,-6.7,35,,
2681,7.2,-6.7,37,,
2682,6.7,-6.7,38,,
2683,6.1,-6.7,40,,
2684,6.1,-6.7,40,,
2685,5,-6.1,45,,
2686,4.4,-6.1,47,,
2687,3.9,-7.2,45,,
2688,3.9,-7.8,43,,
2689,3.3,-8.3,43,,
2690,3.3,-7.8,45,,
2691,3.3,-6.7,48,,
2692,4.4,-6.1,47,,
2693,5.6,-5.6,45,,
2694,5.6,-4.4,49,,
2695,5.6,-2.8,55,,
2696,6.1,-3.3,51,,
2697,3.9,-0.6,73,,
2698,3.3,0.6,83,,
2699,3.3,0.6,83,,
2700,3.3,0.6,83,,
2701,3.3,0.6,83,,
2702,3.9,0.6,79,,
2703,4.4,0.6,77,,
2704,5,-1.1,65,,
2705,5.6,-1.7,60,,
2706,5.6,-5,47,,
2707,4.4,-7.2,43,,
2708,3.3,-7.8,45,,
2709,2.2,-10.6,39,,
2710,1.7,-11.1,39,,
2711,1.1,-12.2,37,,
2712,0.6,-10,46,,
2713,0,-9.4,50,,
2714,0,-10,48,,
2715,-0.6,-10,50,,
2716,0,-9.4,50,,
2717,0.6,-9.4,48,,
2718,2.2,-8.9,44,,
2719,4.4,-9.4,36,,
2720,5.6,-10.6,31,,
2721,6.7,-11.1,27,,
2722,7.8,-10.6,26,,
2723,8.9,-10,26,,
2724,9.4,-9.4,26,,
2725,9.4,-11.1,23,,
2726,8.3,-5,39,,
2727,7.2,-3.9,46,,
2728,6.7,-2.8,51,,
2729,8.3,-9.4,28,,
2730,8.3,-8.3,30,,
2731,7.8,-5.6,39,,
2732,6.7,-3.9,47,,
2733,6.1,-2.2,56,,
2734,6.7,-1.7,55,,
2735,6.7,-2.2,53,,
2736,6.7,-0.6,60,,
2737,7.2,-0.6,58,,
2738,7.2,0,60,,
2739,7.8,0.6,61,,
2740,8.3,1.7,63,,
2741,9.4,1.7,59,,
2742,10,1.7,57,,
2743,11.1,1.7,53,,
2744,12.8,1.1,45,,
2745,16.1,1.1,36,,
2746,16.1,0,34,,
2747,16.1,3.9,44,,
2748,16.7,3.9,43,,
2749,15.6,3.9,46,,
2750,14.4,5,53,,
2751,12.8,7.2,69,,
2752,12.8,7.2,69,,
2753,13.9,6.7,62,,
2754,13.3,6.7,64,,
2755,12.8,7.2,69,,
2756,12.8,7.2,69,,
2757,12.8,7.8,72,,
2758,11.7,7.2,74,,
2759,11.7,7.2,74,,
2760,12.2,7.8,75,,
2761,12.8,8.3,74,,
2762,13.9,10,77,,
2763,13.3,10,80,,
2764,13.3,10.6,84,,
2765,13.3,11.7,90,,
2766,13.9,12.2,89,,
2767,8.3,3.9,74,,
2768,7.2,3.9,80,,
2769,7.8,1.7,66,,
2770,8.9,1.1,58,,
2771,12.8,1.7,47,,
2772,13.9,-1.7,34,,
2773,13.9,-3.3,30,,
2774,13.9,-3.3,30,,
2775,12.2,-5,30,,
2776,11.1,-6.7,28,,
2777,9,-6,34,,
2778,8.3,-1.1,52,,
2779,7.8,-6.1,37,,
2780,7.8,-7.2,34,,
2781,7.2,-7.2,36,,
2782,6.7,-6.1,40,,
2783,6.1,-5,45,,
2784,5.6,-5,47,,
2785,5,-4.4,51,,
2786,4.4,-4.4,53,,
2787,4.4,-4.4,53,,
2788,5.6,-4.4,49,,
2789,6.7,-5,43,,
2790,7.2,-5,42,,
2791,9.4,-3.9,39,,
2792,10,-3.9,38,,
2793,11.1,-4.4,34,,
2794,12.2,-4.4,31,,
2795,12.2,-5,30,,
2796,12.8,-5.6,28,,
2797,13.9,-5.6,26,,
2798,13.3,-5.6,27,,
2799,11.7,-3.3,35,,
2800,10,-3.3,39,,
2801,8.3,0,56,,
2802,8.3,1.1,61,,
2803,7.8,-1.1,54,,
2804,7.8,-1.1,54,,
2805,7.2,-1.1,56,,
2806,7.2,-2.2,52,,
2807,7.2,-5.6,40,,
2808,7.2,-5.6,40,,
2809,7,-4,46,,
2810,7.2,0.6,63,,
2811,8.3,0.6,59,,
2812,8.9,-2.8,44,,
2813,10.6,-3.9,36,,
2814,12.2,-3.9,33,,
2815,13.9,-4.4,28,,
2816,15.6,-3.9,26,,
2817,15.6,-6.7,21,,
2818,16.1,-7.8,19,,
2819,16.7,-6.7,20,,
2820,13.9,-1.1,36,,
2821,12.2,-2.2,37,,
2822,10,0,50,,
2823,8.9,0,54,,
2824,8.3,-0.6,54,,
2825,7.8,1.7,66,,
2826,7.2,0,60,,
2827,7.2,-1.1,56,,
2828,7.8,-1.1,54,,
2829,7.2,0.6,63,,
2830,7.2,0.6,63,,
2831,6.7,1.7,71,,
2832,6.1,1.7,74,,
2833,6.7,1.7,71,,
2834,8.3,1.7,63,,
2835,10,0,50,,
2836,11.1,-1.1,43,,
2837,11.7,-5,31,,
2838,13.9,-7.8,22,,
2839,13.9,-10,18,,
2840,15.6,-7.2,20,,
2841,16.7,-6.1,21,,
2842,17.8,-5.6,20,,
2843,17.2,-8.3,17,,
2844,16.7,-4.4,23,,
2845,15,-3.3,28,,
2846,13.3,-2.8,33,,
2847,9.4,0.6,54,,
2848,8.9,0.6,56,,
2849,8.3,1.7,63,,
2850,8.3,1.7,63,,
2851,8.3,1.7,63,,
2852,8.3,1.1,61,,
2853,7.8,1.1,63,,
2854,7.2,0,60,,
2855,6.7,-0.6,60,,
2856,7.2,0,60,,
2857,8.9,-1.1,50,,
2858,10.6,-6.7,29,,
2859,11.7,-10,21,,
2860,13.3,-8.3,22,,
2861,14.4,-8.3,20,,
2862,16.1,-8.9,17,,
2863,17.8,-8.9,16,,
2864,18.9,-7.2,17,,
2865,17.8,-8.9,16,,
2866,18.9,-7.8,16,,
2867,17.2,-7.2,18,,
2868,16.7,-8.3,18,,
2869,11.7,-1.7,40,,
2870,10.6,0,48,,
2871,9.4,1.7,59,,
2872,8.9,1.7,61,,
2873,8.3,1.7,63,,
2874,8.3,1.1,61,,
2875,8.3,2.2,66,,
2876,8.3,2.2,66,,
2877,7.2,2.2,71,,
2878,7.8,2.2,68,,
2879,7.2,2.2,71,,
2880,7.8,1.7,66,,
2881,9.4,1.1,56,,
2882,11.7,-1.1,41,,
2883,13.3,-1.1,37,,
2884,15.6,-3.3,27,,
2885,17.8,-3.9,23,,
2886,18.3,-4.4,21,,
2887,20,-5,18,,
2888,21.7,-5.6,16,,
2889,22.8,-4.4,16,,
2890,23.3,-3.9,16,,
2891,20.6,-2.8,21,,
2892,18.9,-1.7,25,,
2893,16.1,-0.6,32,,
2894,14.4,-1.1,35,,
2895,13.3,-0.6,39,,
2896,12.8,0.6,43,,
2897,12.2,1.1,47,,
2898,11.1,1.7,53,,
2899,11.1,1.1,50,,
2900,11.7,1.1,48,,
2901,11.1,1.1,50,,
2902,10.6,1.7,54,,
2903,11.1,1.1,50,,
2904,11.1,1.1,50,,
2905,15,1.1,39,,
2906,18.3,0,29,,
2907,20,-2.2,22,,
2908,22.2,-2.8,19,,
2909,23.3,-2.2,18,,
2910,25.6,-1.7,17,,
2911,25.6,-3.3,15,,
2912,27.2,-2.8,14,,
2913,27.2,-3.3,13,,
2914,25,-1.1,18,,
2915,23.9,-0.6,20,,
2916,21.7,-2.8,19,,
2917,18.9,-1.1,26,,
2918,17.8,-0.6,29,,
2919,18.3,-1.7,26,,
2920,18.3,-1.1,27,,
2921,18.3,-3.3,23,,
2922,17.8,-2.2,26,,
2923,17.8,-2.8,25,,
2924,16.7,-1.7,29,,
2925,16.1,-0.6,32,,
2926,17.2,-0.6,30,,
2927,18.3,-1.1,27,,
2928,17.8,0,30,,
2929,18.3,1.1,32,,
2930,18.9,4.4,38,,
2931,20,5,37,,
2932,21.1,4.4,33,,
2933,21.7,5,34,,
2934,21.1,4.4,33,,
2935,21.1,3.3,31,,
2936,21.7,2.2,28,,
2937,21.1,-7.2,14,,
2938,20.6,-7.2,15,,
2939,19.4,-6.1,17,,
2940,18.3,-5,20,,
2941,17.2,-8.3,17,,
2942,16.1,-8.3,18,,
2943,15,-4.4,26,,
2944,13.9,-3.9,29,,
2945,12.8,-3.9,31,,
2946,11.7,-3.9,34,,
2947,11.7,-5,31,,
2948,11.1,-4.4,34,,
2949,10.6,-4.4,35,,
2950,10,-4.4,36,,
2951,10,-3.9,38,,
2952,10.5,-3.9,36,,
2953,12.2,-5,30,,
2954,13.9,-5,27,,
2955,15,-7.2,21,,
2956,16.7,-7.8,18,,
2957,17.8,-8.9,16,,
2958,18.9,-10,13,,
2959,18.9,-12.8,11,,
2960,19.4,-13.3,10,,
2961,20,-12.8,10,,
2962,19.4,-14.4,9,,
2963,16.1,-1.1,31,,
2964,13.9,-3.9,29,,
2965,13.3,-3.9,30,,
2966,13.9,-4.4,28,,
2967,13.9,-2.8,32,,
2968,12.2,-2.8,35,,
2969,11.7,-5,31,,
2970,11.1,-5,32,,
2971,11.1,-3.3,37,,
2972,10,-1.1,46,,
2973,9.4,-0.6,50,,
2974,10,0.6,52,,
2975,10,0,50,,
2976,10.6,0.6,50,,
2977,12.2,1.1,47,,
2978,13.9,0,39,,
2979,16.7,-1.1,30,,
2980,18.3,-0.6,28,,
2981,20.6,-1.7,22,,
2982,20,1.1,28,,
2983,21.1,2.2,29,,
2984,21.7,2.2,28,,
2985,21.7,3.9,31,,
2986,21.1,6.1,38,,
2987,20.6,7.8,44,,
2988,21.1,7.8,42,,
2989,20.6,7.8,44,,
2990,20.6,8.3,45,,
2991,20,7.2,43,,
2992,19.4,6.7,44,,
2993,18.9,7.8,48,,
2994,18.9,8.3,50,,
2995,18.9,8.3,50,,
2996,18.3,8.9,54,,
2997,18.3,8.9,54,,
2998,17.2,9.4,60,,
2999,17.2,11.1,67,,
3000,18.3,12.2,68,,
3001,19.4,12.8,66,,
3002,20.6,12.8,61,,
3003,22.2,12.8,55,,
3004,24.4,12.8,48,,
3005,25,12.8,47,,
3006,25.6,12.2,43,,
3007,25,12.8,47,,
3008,25,12.2,45,,
3009,25,12.2,45,,
3010,24.4,12.2,46,,
3011,24.4,11.1,43,,
3012,23.3,12.8,52,,
3013,23.3,12.2,50,,
3014,22.2,12.8,55,,
3015,21.7,12.8,57,,
3016,21.7,12.2,55,,
3017,19.4,13.3,68,,
3018,17.8,15.6,87,,
3019,17.8,15.6,87,,
3020,17.2,16.1,93,,
3021,17.2,15.6,90,,
3022,16.7,15,90,,
3023,16.7,13.9,84,,
3024,16.1,13.9,87,,
3025,16.1,13.9,87,,
3026,16.1,12.8,81,,
3027,16.1,11.7,75,,
3028,17.8,10,60,,
3029,18.3,9.4,56,,
3030,18.9,7.8,48,,
3031,21.1,7.8,42,,
3032,20.6,7.2,42,,
3033,19.4,6.1,42,,
3034,20,4.4,36,,
3035,18.3,3.9,39,,
3036,16.7,2.8,39,,
3037,16.1,2.2,39,,
3038,15,2.2,42,,
3039,14.4,-0.6,36,,
3040,13.9,-1.7,34,,
3041,12.8,-2.8,34,,
3042,11.7,-4.4,32,,
3043,10.6,-6.1,31,,
3044,10,-6.1,32,,
3045,9.4,-5.6,35,,
3046,8.3,-6.7,34,,
3047,8.9,-6.1,34,,
3048,8.9,-6.7,33,,
3049,10,-7.2,29,,
3050,11.1,-7.2,27,,
3051,12.8,-7.8,23,,
3052,14.4,-8.3,20,,
3053,16.1,-7.2,20,,
3054,16.7,-8.3,18,,
3055,18.9,-7.2,17,,
3056,18.9,-7.8,16,,
3057,20,-5,18,,
3058,17.2,-2.8,26,,
3059,14.4,-2.2,32,,
3060,12.8,-1.7,37,,
3061,12.2,0.6,45,,
3062,11.7,3.3,57,,
3063,11.1,3.9,61,,
3064,11.1,5,66,,
3065,10.6,5,68,,
3066,10.6,4.4,66,,
3067,11.1,5,66,,
3068,11.7,5,64,,
3069,11.1,5,66,,
3070,11.7,3.3,57,,
3071,12.2,3.9,57,,
3072,12.8,3.3,53,,
3073,13.9,-0.6,37,,
3074,15,-1.7,32,,
3075,16.1,-0.6,32,,
3076,18.3,0,29,,
3077,18.3,3.3,37,,
3078,17.8,2.2,35,,
3079,18.9,5,40,,
3080,18.9,5,40,,
3081,19.4,5.6,40,,
3082,18.9,6.7,45,,
3083,17.2,6.7,50,,
3084,16.1,7.2,56,,
3085,15,7.2,60,,
3086,15,6.7,58,,
3087,14.4,7.2,62,,
3088,13.9,7.8,67,,
3089,13.3,7.8,69,,
3090,12.8,7.8,72,,
3091,12.8,7.8,72,,
3092,11.1,8.9,86,,
3093,10.6,8.9,89,,
3094,11.1,8.9,86,,
3095,11.1,9.4,89,,
3096,11.7,9.4,86,,
3097,11.7,9.4,86,,
3098,13.3,10,80,,
3099,13.3,10,80,,
3100,13.3,9.4,77,,
3101,13.9,8.9,72,,
3102,13.9,8.3,69,,
3103,15.6,8.3,62,,
3104,13.3,9.4,77,,
3105,11.1,9.4,89,,
3106,10.6,8.9,89,,
3107,10.6,8.3,86,,
3108,9.4,6.7,83,,
3109,8.3,5.6,83,,
3110,8.3,5,80,,
3111,8.9,5,77,,
3112,8.3,4.4,77,,
3113,8.3,3.9,74,,
3114,8.3,3.9,74,,
3115,7.8,3.9,76,,
3116,7.8,3.3,73,,
3117,8.3,3.3,71,,
3118,8.3,2.8,68,,
3119,8.3,2.2,66,,
3120,9.4,2.8,64,,
3121,10,3.3,63,,
3122,10.6,2.8,59,,
3123,11.1,2.8,57,,
3124,11.7,2.8,55,,
3125,13.3,3.9,53,,
3126,14.4,3.9,49,,
3127,15,3.3,46,,
3128,16.7,5,46,,
3129,15,5,51,,
3130,14.4,5.6,56,,
3131,12.8,5,59,,
3132,12.2,5.6,64,,
3133,12.2,6.1,66,,
3134,12.2,6.1,66,,
3135,12.2,6.1,66,,
3136,11.7,6.1,69,,
3137,11.7,6.7,71,,
3138,11.1,6.7,74,,
3139,10.6,6.1,74,,
3140,10.6,0.6,50,,
3141,9.4,-3.3,41,,
3142,8.9,-5.6,36,,
3143,8.9,-6.7,33,,
3144,9.4,-6.1,33,,
3145,10,-5,35,,
3146,11.7,-5.6,30,,
3147,12.2,-3.9,33,,
3148,13.3,-4.4,29,,
3149,14.4,-5.6,25,,
3150,13.3,-0.6,39,,
3151,12.8,1.1,45,,
3152,12.8,-0.6,40,,
3153,12.8,-1.1,38,,
3154,11.7,-1.1,41,,
3155,10.6,-0.6,46,,
3156,10,-1.1,46,,
3157,10,-0.6,48,,
3158,10,0.6,52,,
3159,10,2.2,59,,
3160,9.4,2.2,61,,
3161,9.4,3.3,66,,
3162,9.4,3.9,69,,
3163,9.4,2.8,64,,
3164,10,0.6,52,,
3165,10,0.6,52,,
3166,9.4,1.1,56,,
3167,10,0,50,,
3168,9.4,-0.6,50,,
3169,10,0,50,,
3170,11.1,-0.6,45,,
3171,12.2,-1.1,40,,
3172,12.8,-4.4,30,,
3173,13.9,-6.1,25,,
3174,13.3,0.6,42,,
3175,13.9,1.1,42,,
3176,12.8,1.1,45,,
3177,12.2,1.7,49,,
3178,11.1,1.7,53,,
3179,11.1,2.2,54,,
3180,8.3,4.4,77,,
3181,8.9,2.2,63,,
3182,9.4,2.2,61,,
3183,7.8,4.4,79,,
3184,7.2,2.8,74,,
3185,8.3,2.2,66,,
3186,8.9,3.9,71,,
3187,8.9,3.3,68,,
3188,8.3,2.2,66,,
3189,8.3,2.8,68,,
3190,8.3,2.8,68,,
3191,8.9,2.8,66,,
3192,9.4,3.3,66,,
3193,10.6,2.8,59,,
3194,11.7,1.7,50,,
3195,13.3,2.8,49,,
3196,15.6,2.2,41,,
3197,16.7,2.2,38,,
3198,16.7,3.3,41,,
3199,16.7,0.6,34,,
3200,17.8,-1.1,28,,
3201,16.1,0,34,,
3202,13.9,0,39,,
3203,12.8,-0.6,40,,
3204,11.7,0.6,47,,
3205,11.1,1.7,53,,
3206,10.6,2.2,56,,
3207,10,2.8,61,,
3208,10,2.2,59,,
3209,10,0,50,,
3210,10,2.8,61,,
3211,10,0.6,52,,
3212,10,0,50,,
3213,10,1.1,54,,
3214,10,2.2,59,,
3215,10,2.8,61,,
3216,9.4,2.2,61,,
3217,8.9,5,77,,
3218,8.3,6.1,86,,
3219,8.9,6.7,86,,
3220,8.3,6.1,86,,
3221,8.3,6.1,86,,
3222,8.9,6.1,83,,
3223,8.9,5.6,80,,
3224,9.4,5,74,,
3225,8.9,6.1,83,,
3226,8.9,7.2,89,,
3227,8.3,7.2,93,,
3228,8.3,6.7,90,,
3229,7.2,5.6,90,,
3230,7.2,5.6,90,,
3231,7.2,5.6,90,,
3232,7.8,6.7,93,,
3233,7.8,6.1,89,,
3234,7.2,6.1,93,,
3235,7.2,6.1,93,,
3236,7.2,6.1,93,,
3237,7.8,6.1,89,,
3238,7.8,6.1,89,,
3239,7.8,6.1,89,,
3240,8.3,6.7,90,,
3241,8.9,7.2,89,,
3242,9.4,7.2,86,,
3243,11.1,8.3,83,,
3244,11.1,8.3,83,,
3245,11.7,8.9,83,,
3246,12.8,8.9,77,,
3247,13.3,8.9,75,,
3248,13.9,9.4,74,,
3249,14.4,9.4,72,,
3250,15,10,72,,
3251,15,10.6,75,,
3252,14.4,10.6,78,,
3253,13.3,10.6,84,,
3254,13.9,10.6,81,,
3255,13.9,10.6,81,,
3256,13.9,11.1,83,,
3257,12.8,11.7,93,,
3258,11.7,11.1,96,,
3259,11.7,10.6,93,,
3260,11.7,10.6,93,,
3261,11.7,10.6,93,,
3262,11.1,10,93,,
3263,11.1,10,93,,
3264,11.1,10,93,,
3265,11.1,10,93,,
3266,11.1,9.4,89,,
3267,10.6,9.4,92,,
3268,11.1,10,93,,
3269,11.1,9.4,89,,
3270,10.6,8.9,89,,
3271,11.1,9.4,89,,
3272,11.7,9.4,86,,
3273,12.2,8.9,80,,
3274,12.2,8.9,80,,
3275,11.7,9.4,86,,
3276,11.1,9.4,89,,
3277,11.1,9.4,89,,
3278,11.1,9.4,89,,
3279,11.1,9.4,89,,
3280,11.1,9.4,89,,
3281,10.6,8.9,89,,
3282,10.6,8.9,89,,
3283,10,8.3,89,,
3284,10,8.3,89,,
3285,10,7.2,83,,
3286,10,6.7,80,,
3287,9.4,7.2,86,,
3288,10,7.2,83,,
3289,10.6,6.7,77,,
3290,10.6,6.1,74,,
3291,10.6,6.1,74,,
3292,10,7.2,83,,
3293,10,6.7,80,,
3294,10,6.7,80,,
3295,9.4,6.7,83,,
3296,10.6,6.1,74,,
3297,10,7.2,83,,
3298,10,7.8,86,,
3299,10,8.3,89,,
3300,10,7.8,86,,
3301,10,6.7,80,,
3302,10,5.6,74,,
3303,9.4,5,74,,
3304,9.4,5,74,,
3305,9.4,5,74,,
3306,8.9,5,77,,
3307,8.9,5.6,80,,
3308,8.3,5.6,83,,
3309,8.3,6.1,86,,
3310,8.3,5,80,,
3311,8.3,6.1,86,,
3312,8.9,5,77,,
3313,8.9,5.6,80,,
3314,10,5.6,74,,
3315,10.6,5,68,,
3316,11.1,5,66,,
3317,12.2,5.6,64,,
3318,12.2,5.6,64,,
3319,13.9,5.6,57,,
3320,13.3,5.6,60,,
3321,13.3,5.6,60,,
3322,13.3,5.6,60,,
3323,13.3,5.6,60,,
3324,12.8,6.1,64,,
3325,12.2,6.1,66,,
3326,12.2,6.1,66,,
3327,12.2,6.1,66,,
3328,11.7,6.1,69,,
3329,11.1,6.1,71,,
3330,11.1,5.6,69,,
3331,10,6.1,77,,
3332,9.4,7.2,86,,
3333,8.9,7.2,89,,
3334,8.9,7.2,89,,
3335,8.9,7.2,89,,
3336,8.9,7.2,89,,
3337,8.9,7.2,89,,
3338,9.4,7.8,90,,
3339,9.4,7.2,86,,
3340,9.4,7.2,86,,
3341,10,7.8,86,,
3342,10.6,8.9,89,,
3343,11.1,8.3,83,,
3344,11.7,8.9,83,,
3345,11.7,8.3,80,,
3346,11.7,8.9,83,,
3347,11.1,8.3,83,,
3348,10.6,8.3,86,,
3349,10,8.3,89,,
3350,10,7.8,86,,
3351,10,7.8,86,,
3352,10,7.8,86,,
3353,10,8.3,89,,
3354,10,8.3,89,,
3355,9.4,8.3,93,,
3356,9.4,7.8,90,,
3357,9.4,7.8,90,,
3358,8.9,7.8,93,,
3359,9.4,7.8,90,,
3360,9.4,8.3,93,,
3361,10,8.3,89,,
3362,10.6,8.3,86,,
3363,11.1,7.8,80,,
3364,12.2,8.9,80,,
3365,13.3,8.9,75,,
3366,12.8,8.3,74,,
3367,13.9,8.3,69,,
3368,13.9,8.3,69,,
3369,13.9,8.9,72,,
3370,14.4,8.3,67,,
3371,14.4,8.9,70,,
3372,13.3,8.9,75,,
3373,12.2,8.3,77,,
3374,11.1,8.3,83,,
3375,11.1,8.3,83,,
3376,10.6,7.8,83,,
3377,10.6,7.8,83,,
3378,11.1,7.8,80,,
3379,10,7.8,86,,
3380,10,7.8,86,,
3381,10,7.8,86,,
3382,10.6,8.3,86,,
3383,11.1,8.3,83,,
3384,10,8.3,89,,
3385,11.1,9.4,89,,
3386,11.7,10,89,,
3387,12.8,10,83,,
3388,16.1,11.1,72,,
3389,17.2,5.6,46,,
3390,18.3,1.7,33,,
3391,17.8,-2.2,26,,
3392,17.8,-2.2,26,,
3393,17.8,-3.9,23,,
3394,17.8,-3.9,23,,
3395,17.2,-3.3,25,,
3396,16.1,-2.2,29,,
3397,15,-2.2,31,,
3398,13.9,-1.1,36,,
3399,14.4,-1.7,33,,
3400,13.9,-0.6,37,,
3401,12.8,-0.6,40,,
3402,12.2,-0.6,41,,
3403,12.2,-0.6,41,,
3404,11.1,0,47,,
3405,12.2,0,43,,
3406,12.8,0,42,,
3407,12.8,0.6,43,,
3408,13.3,2.2,47,,
3409,14.4,0.6,39,,
3410,16.7,1.7,37,,
3411,19.4,1.7,31,,
3412,21.1,1.7,28,,
3413,21.7,1.1,26,,
3414,21.7,1.1,26,,
3415,22.2,2.2,27,,
3416,21.7,2.2,28,,
3417,21.7,1.7,27,,
3418,21.1,3.3,31,,
3419,20,3.3,33,,
3420,18.9,4.4,38,,
3421,18.3,3.9,39,,
3422,17.8,4.4,41,,
3423,16.7,2.8,39,,
3424,15,-1.7,32,,
3425,13.3,-2.2,34,,
3426,12.2,-3.3,34,,
3427,11.7,-5,31,,
3428,10.6,-5,33,,
3429,10.6,-5.6,32,,
3430,10.6,-4.4,35,,
3431,10.6,-3.9,36,,
3432,11.7,-3.9,34,,
3433,12.8,-2.8,34,,
3434,13.9,-2.8,32,,
3435,15,-5.6,24,,
3436,16.1,-4.4,24,,
3437,16.7,-2.2,28,,
3438,16.7,-1.1,30,,
3439,15,-1.1,33,,
3440,15,-0.6,35,,
3441,15.6,-2.2,30,,
3442,15.6,-0.6,33,,
3443,15,1.7,41,,
3444,14.4,3.3,47,,
3445,14.4,4.4,51,,
3446,13.9,6.1,59,,
3447,13.9,6.1,59,,
3448,13.3,6.1,62,,
3449,12.8,6.1,64,,
3450,11.7,6.1,69,,
3451,11.1,6.1,71,,
3452,11.1,5.6,69,,
3453,10.6,5.6,71,,
3454,10,5.6,74,,
3455,11.7,5,64,,
3456,14.4,3.9,49,,
3457,16.7,3.3,41,,
3458,17.8,2.8,37,,
3459,19.4,1.7,31,,
3460,22.2,1.1,25,,
3461,23.3,0,21,,
3462,23.3,0,21,,
3463,23.3,0,21,,
3464,23.3,1.7,24,,
3465,23.3,2.8,26,,
3466,22.2,3.9,30,,
3467,21.7,2.2,28,,
3468,20,2.8,32,,
3469,20,6.7,42,,
3470,19.4,7.8,47,,
3471,18.3,7.2,48,,
3472,17.8,7.2,50,,
3473,17.2,7.2,52,,
3474,16.1,7.8,58,,
3475,16.7,7.2,53,,
3476,15,8.3,64,,
3477,15,7.8,62,,
3478,13.9,7.8,67,,
3479,14.4,8.3,67,,
3480,17.2,3.9,41,,
3481,18.3,-0.6,28,,
3482,19.4,0.6,28,,
3483,20.6,0.6,26,,
3484,23.3,2.8,26,,
3485,25,1.7,22,,
3486,26.1,1.7,20,,
3487,23.3,3.9,28,,
3488,23.3,3.9,28,,
3489,22.2,3.9,30,,
3490,18.9,4.4,38,,
3491,16.2,8.8,62,,
3492,15.2,10,71,,
3493,15,10.2,73,,
3494,14.7,10.1,74,,
3495,18.3,-2.2,25,,
3496,17.8,-1.7,27,,
3497,16.7,-1.1,30,,
3498,16.1,0,34,,
3499,15.6,0.6,36,,
3500,16.1,0,34,,
3501,14.4,0.6,39,,
3502,13.9,0.6,40,,
3503,13,2,47,,
3504,13,1,44,,
3505,13,1,44,,
3506,13,2,47,,
3507,13,2,47,,
3508,15.6,7.2,57,,
3509,15.6,7.8,60,,
3510,14.4,7.8,65,,
3511,14.4,8.9,70,,
3512,13.3,7.8,69,,
3513,13.3,7.8,69,,
3514,11,8,82,,
3515,14.4,3.3,47,,
3516,14.4,3.9,49,,
3517,13.9,3.3,49,,
3518,13.9,4.4,53,,
3519,12.8,7.2,69,,
3520,12.8,6.1,64,,
3521,12.8,5.6,62,,
3522,12.8,4.4,57,,
3523,12.8,5,59,,
3524,12.8,5,59,,
3525,12.8,3.9,55,,
3526,12.8,5,59,,
3527,13.9,5.6,57,,
3528,14.4,6.1,58,,
3529,15.6,6.1,53,,
3530,16.7,5.6,48,,
3531,18.9,5,40,,
3532,19.4,3.3,34,,
3533,21.7,3.9,31,,
3534,20.6,3.9,33,,
3535,20,6.1,40,,
3536,18.3,7.2,48,,
3537,17.8,5.6,45,,
3538,17.2,5,45,,
3539,17.2,4.4,43,,
3540,15.6,4.4,47,,
3541,14.4,5.6,56,,
3542,13.9,6.1,59,,
3543,13.9,7.2,64,,
3544,15,5.6,53,,
3545,15,3.9,48,,
3546,14.4,2.8,46,,
3547,14.4,2.8,46,,
3548,14.4,2.2,44,,
3549,12.2,3.9,57,,
3550,12.2,2.8,53,,
3551,12.8,3.3,53,,
3552,13.9,4.4,53,,
3553,15,4.4,49,,
3554,17.8,3.9,40,,
3555,19.4,5,39,,
3556,21.1,4.4,33,,
3557,23.3,3.9,28,,
3558,23.9,2.8,25,,
3559,23.9,3.3,26,,
3560,23.9,3.3,26,,
3561,23.9,3.3,26,,
3562,21.7,4.4,32,,
3563,20,4.4,36,,
3564,18.9,4.4,38,,
3565,18.3,4.4,40,,
3566,17.8,3.9,40,,
3567,17.8,3.3,38,,
3568,17.2,3.9,41,,
3569,16.7,3.3,41,,
3570,16.1,3.3,42,,
3571,15,4.4,49,,
3572,15,3.9,48,,
3573,14.4,3.3,47,,
3574,13.9,5,55,,
3575,15,7.2,60,,
3576,16.7,6.7,52,,
3577,16.7,6.1,50,,
3578,16.7,6.7,52,,
3579,17.2,8.3,56,,
3580,17.8,6.1,46,,
3581,18.9,5,40,,
3582,17.8,3.3,38,,
3583,17.2,3.9,41,,
3584,17.2,3.9,41,,
3585,17.2,3.9,41,,
3586,17.2,5,45,,
3587,15,7.2,60,,
3588,13.3,11.1,87,,
3589,12.8,10.6,86,,
3590,13.3,9.4,77,,
3591,13.3,8.9,75,,
3592,13.3,9.4,77,,
3593,12.2,9.4,83,,
3594,12.2,8.3,77,,
3595,12.2,9.4,83,,
3596,12.2,8.3,77,,
3597,11.7,9.4,86,,
3598,11.1,8.9,86,,
3599,11.7,9.4,86,,
3600,12.2,8.9,80,,
3601,14.4,11.1,81,,
3602,15,8.9,67,,
3603,16.7,8.3,58,,
3604,18.9,7.2,47,,
3605,20,7.8,45,,
3606,20,5,37,,
3607,20.6,7.8,44,,
3608,20.6,7.8,44,,
3609,19.4,10,54,,
3610,18.9,10,56,,
3611,18.9,10,56,,
3612,18.3,8.9,54,,
3613,17.2,8.9,58,,
3614,17.2,9.4,60,,
3615,16.1,10.6,70,,
3616,15,10.6,75,,
3617,14.4,10.6,78,,
3618,14.4,10.6,78,,
3619,13.9,10,77,,
3620,13.9,10,77,,
3621,13.9,10.6,81,,
3622,13.3,10.6,84,,
3623,14.4,11.1,81,,
3624,16.1,11.1,72,,
3625,17.8,10.6,63,,
3626,18.9,10,56,,
3627,21.1,10.6,51,,
3628,23.3,10.6,45,,
3629,24.4,10.6,42,,
3630,25,10,39,,
3631,23.9,10.6,43,,
3632,23.3,10.6,45,,
3633,22.2,10,46,,
3634,17.8,11.7,67,,
3635,16.7,10.6,67,,
3636,17.2,8.3,56,,
3637,17.8,6.1,46,,
3638,17.8,6.7,48,,
3639,17.2,7.2,52,,
3640,17.2,7.8,54,,
3641,16.7,8.9,60,,
3642,17.2,8.9,58,,
3643,14.4,11.7,84,,
3644,15,12.2,83,,
3645,14.4,13.3,93,,
3646,14.4,13.3,93,,
3647,15,13.3,90,,
3648,15,13.3,90,,
3649,15.6,13.9,90,,
3650,16.1,14.4,90,,
3651,17.2,14.4,84,,
3652,17.8,13.3,75,,
3653,18.9,14.4,75,,
3654,21.1,14.4,65,,
3655,22.8,11.7,49,,
3656,21.7,10.6,49,,
3657,21.1,9.4,47,,
3658,20,10.6,55,,
3659,20.6,9.4,49,,
3660,20,10,52,,
3661,20.6,9.4,49,,
3662,19.4,10,54,,
3663,18.9,10,56,,
3664,17.8,10.6,63,,
3665,17.8,10,60,,
3666,17.8,10,60,,
3667,17.2,10,63,,
3668,17.2,10,63,,
3669,16.1,10.6,70,,
3670,16.7,10,65,,
3671,17.8,10,60,,
3672,18.9,9.4,54,,
3673,21.1,8.9,46,,
3674,22.8,8.9,41,,
3675,25.6,7.8,32,,
3676,28.3,10,32,,
3677,29.4,7.2,25,,
3678,30,8.3,26,,
3679,30.6,5,20,,
3680,30,6.1,22,,
3681,30,6.7,23,,
3682,29.4,6.7,24,,
3683,28.3,6.1,24,,
3684,28.3,5.6,24,,
3685,26.7,5.6,26,,
3686,26.7,6.7,28,,
3687,25.6,7.8,32,,
3688,25,7.8,33,,
3689,23.9,8.3,37,,
3690,23.3,8.3,38,,
3691,22.8,8.3,39,,
3692,22.8,8.9,41,,
3693,22.2,8.9,43,,
3694,21.1,9.4,47,,
3695,21.7,10.6,49,,
3696,23.3,10.6,45,,
3697,24.4,10,40,,
3698,25.6,10.6,39,,
3699,28.3,11.1,34,,
3700,30,12.8,35,,
3701,31.1,11.1,29,,
3702,31.7,8.9,24,,
3703,31.1,10.6,28,,
3704,30.6,11.1,30,,
3705,29.4,10,30,,
3706,28.3,8.3,28,,
3707,28.3,6.7,25,,
3708,27.2,5,24,,
3709,25.6,9.4,36,,
3710,24.4,10,40,,
3711,24.4,11.1,43,,
3712,24.4,10.6,42,,
3713,24.4,11.1,43,,
3714,23.9,12.2,48,,
3715,23.3,12.2,50,,
3716,23.3,13.3,53,,
3717,23.3,13.9,55,,
3718,23.3,14.4,57,,
3719,23.9,16.1,62,,
3720,23.9,16.1,62,,
3721,24.4,16.1,60,,
3722,26.1,16.7,56,,
3723,27.8,16.7,51,,
3724,28.9,17.2,49,,
3725,30,17.8,48,,
3726,29.4,17.8,49,,
3727,27.8,17.2,52,,
3728,26.1,16.7,56,,
3729,26.1,16.7,56,,
3730,27.2,16.7,52,,
3731,26.7,17.2,56,,
3732,25.6,17.2,60,,
3733,25.6,17.2,60,,
3734,25.6,17.2,60,,
3735,25,17.2,62,,
3736,24.4,17.2,64,,
3737,23.9,17.2,66,,
3738,23.9,16.1,62,,
3739,22.8,15.6,64,,
3740,22.2,15,64,,
3741,21.7,14.4,63,,
3742,21.7,14.4,63,,
3743,22.2,14.4,61,,
3744,22.8,15,61,,
3745,24.4,15.6,58,,
3746,25.6,17.2,60,,
3747,28.3,17.8,53,,
3748,30.6,18.9,49,,
3749,31.7,18.3,45,,
3750,32.2,18.9,45,,
3751,32.2,18.9,45,,
3752,31.1,18.3,46,,
3753,31.1,17.8,45,,
3754,30,18.3,49,,
3755,28.3,18.3,54,,
3756,27.8,18.3,56,,
3757,27.2,17.8,56,,
3758,26.7,17.2,56,,
3759,26.7,17.8,58,,
3760,25.6,16.7,58,,
3761,25,13.9,50,,
3762,24.4,13.3,50,,
3763,23.9,12.8,50,,
3764,23.3,12.8,52,,
3765,22.8,12.2,51,,
3766,22.2,12.2,53,,
3767,22.8,13.3,55,,
3768,23.3,13.9,55,,
3769,25,13.9,50,,
3770,26.1,14.4,48,,
3771,27.8,15.6,47,,
3772,28.9,15,43,,
3773,30,15,40,,
3774,29.4,16.1,44,,
3775,27.8,12.2,38,,
3776,26.1,16.1,54,,
3777,25,17.2,62,,
3778,24.4,17.8,67,,
3779,24.4,17.8,67,,
3780,23.3,17.8,71,,
3781,22.8,17.8,73,,
3782,22.2,17.2,73,,
3783,21.7,17.2,75,,
3784,21.7,18.3,81,,
3785,21.7,18.9,84,,
3786,20.6,19.4,93,,
3787,21.1,20.6,97,,
3788,21.1,20.6,97,,
3789,21.1,20,93,,
3790,21.1,20,93,,
3791,21.1,20,93,,
3792,20,18.9,93,,
3793,20.6,19.4,93,,
3794,20.6,18.9,90,,
3795,22.2,19.4,84,,
3796,24.4,19.4,74,,
3797,25.6,20,71,,
3798,26.1,18.9,64,,
3799,26.1,19.4,66,,
3800,25,20,74,,
3801,25,19.4,71,,
3802,24.4,18.9,71,,
3803,24.4,19.4,74,,
3804,24.4,20,76,,
3805,23.9,20,79,,
3806,23.3,19.4,79,,
3807,22.8,19.4,81,,
3808,22.8,18.9,79,,
3809,22.2,18.9,81,,
3810,22.8,18.9,79,,
3811,22.2,18.9,81,,
3812,22.2,18.9,81,,
3813,22.2,18.9,81,,
3814,22.2,19.4,84,,
3815,22.2,19.4,84,,
3816,22.8,18.9,79,,
3817,23.3,18.3,73,,
3818,24.4,16.1,60,,
3819,25.6,16.1,56,,
3820,27.2,16.1,50,,
3821,27.8,16.1,49,,
3822,29.4,15.6,43,,
3823,28.3,17.8,53,,
3824,26.7,16.1,52,,
3825,26.7,15,48,,
3826,25.6,15,52,,
3827,25.6,15.6,54,,
3828,23.9,17.2,66,,
3829,23.3,16.7,66,,
3830,23.3,17.2,68,,
3831,23.3,17.8,71,,
3832,23.3,18.3,73,,
3833,22.8,18.3,76,,
3834,22.2,18.3,78,,
3835,21.1,16.7,76,,
3836,21.7,11.7,53,,
3837,21.7,10,47,,
3838,21.1,11.1,53,,
3839,22.2,8.9,43,,
3840,22.8,10,44,,
3841,23.9,9.4,40,,
3842,25,8.9,36,,
3843,25,8.9,36,,
3844,26.1,8.9,34,,
3845,26.7,10,35,,
3846,26.7,10,35,,
3847,27.8,10,33,,
3848,27.2,8.9,31,,
3849,26.7,12.2,40,,
3850,25.6,12.2,43,,
3851,24.4,12.2,46,,
3852,23.9,11.7,46,,
3853,21.7,11.1,51,,
3854,21.1,11.1,53,,
3855,20,11.1,56,,
3856,19.4,11.7,61,,
3857,18.9,11.1,60,,
3858,18.3,11.7,65,,
3859,17.8,12.8,73,,
3860,17.2,12.8,75,,
3861,17.2,12.8,75,,
3862,17.2,12.8,75,,
3863,17.2,13.3,78,,
3864,17.8,13.3,75,,
3865,18.9,13.3,70,,
3866,19.4,13.3,68,,
3867,20.6,13.9,65,,
3868,21.7,13.9,61,,
3869,23.9,14.4,55,,
3870,24.4,14.4,54,,
3871,23.9,14.4,55,,
3872,23.3,15,59,,
3873,23.3,15,59,,
3874,22.2,15.6,66,,
3875,20.6,15,70,,
3876,18.9,15,78,,
3877,18.3,14.4,78,,
3878,17.8,14.4,80,,
3879,17.8,14.4,80,,
3880,18.3,14.4,78,,
3881,18.3,14.4,78,,
3882,17.8,13.9,78,,
3883,17.8,13.9,78,,
3884,17.8,14.4,80,,
3885,18.3,14.4,78,,
3886,17.8,14.4,80,,
3887,17.8,14.4,80,,
3888,17.8,15,84,,
3889,17.2,15,87,,
3890,17.8,16.1,90,,
3891,18.3,16.7,90,,
3892,18.9,16.7,87,,
3893,18.9,16.7,87,,
3894,19.4,16.7,84,,
3895,20,16.1,78,,
3896,19.4,16.7,84,,
3897,20.6,16.7,78,,
3898,21.1,16.1,73,,
3899,21.1,16.7,76,,
3900,20.6,16.1,75,,
3901,20,16.1,78,,
3902,20,16.7,81,,
3903,20,16.7,81,,
3904,19.4,15.6,79,,
3905,19.4,15.6,79,,
3906,19.4,16.1,81,,
3907,20,16.7,81,,
3908,20,16.7,81,,
3909,19.4,16.7,84,,
3910,20,17.2,84,,
3911,20.6,17.8,84,,
3912,21.1,17.8,81,,
3913,22.2,17.8,76,,
3914,23.3,17.8,71,,
3915,23.9,18.3,71,,
3916,25.6,18.9,66,,
3917,26.7,17.8,58,,
3918,27.8,18.3,56,,
3919,26.7,17.8,58,,
3920,28.3,18.3,54,,
3921,26.1,17.8,60,,
3922,24.4,17.2,64,,
3923,23.9,17.8,69,,
3924,20.6,19.4,93,,
3925,19.4,18.3,93,,
3926,20,18.3,90,,
3927,18.9,17.2,90,,
3928,19.4,17.8,90,,
3929,19.4,17.2,87,,
3930,18.9,17.2,90,,
3931,19.4,16.1,81,,
3932,19.4,15.6,79,,
3933,18.9,16.1,84,,
3934,18.9,15.6,81,,
3935,18.9,16.7,87,,
3936,19.4,16.7,84,,
3937,18.9,17.2,90,,
3938,19.4,17.2,87,,
3939,20,16.7,81,,
3940,18.3,17.2,93,,
3941,19.4,18.3,93,,
3942,20,18.9,93,,
3943,21.1,19.4,90,,
3944,21.1,19.4,90,,
3945,21.1,19.4,90,,
3946,21.1,19.4,90,,
3947,18.9,17.8,93,,
3948,18.9,17.8,93,,
3949,18.9,17.8,93,,
3950,19.4,17.8,90,,
3951,18.9,17.8,93,,
3952,18.9,17.2,90,,
3953,18.9,17.2,90,,
3954,18.9,17.8,93,,
3955,18.9,17.8,93,,
3956,18.9,17.8,93,,
3957,18.9,17.8,93,,
3958,18.9,17.8,93,,
3959,19.4,17.8,90,,
3960,20.6,17.8,84,,
3961,21.7,16.1,70,,
3962,22.2,16.1,68,,
3963,23.9,13.3,51,,
3964,25.6,13.3,46,,
3965,26.7,12.8,42,,
3966,27.2,13.3,42,,
3967,27.8,13.3,41,,
3968,27.8,13.3,41,,
3969,27.8,12.8,39,,
3970,27.2,13.3,42,,
3971,26.7,13.3,43,,
3972,27.2,12.2,39,,
3973,26.1,12.8,44,,
3974,25.6,14.4,50,,
3975,25.6,14.4,50,,
3976,25,14.4,52,,
3977,24.4,15,56,,
3978,23.3,15.6,62,,
3979,23.3,16.1,64,,
3980,22.8,16.1,66,,
3981,22.2,16.7,71,,
3982,22.2,16.7,71,,
3983,21.7,16.1,70,,
3984,22.8,15,61,,
3985,23.9,14.4,55,,
3986,24.4,13.9,52,,
3987,26.1,14.4,48,,
3988,27.2,13.9,44,,
3989,28.3,10.6,33,,
3990,28.3,10.6,33,,
3991,28.9,9.4,29,,
3992,25.6,8.3,33,,
3993,23.3,11.7,48,,
3994,24.4,10.6,42,,
3995,23.9,9.4,40,,
3996,22.8,10,44,,
3997,22.2,10.6,48,,
3998,21.1,10.6,51,,
3999,20,8.3,47,,
4000,18.3,8.3,52,,
4001,17.8,8.9,56,,
4002,17.8,8.9,56,,
4003,17.2,8.3,56,,
4004,16.7,8.3,58,,
4005,16.1,8.3,60,,
4006,15.6,8.3,62,,
4007,16.1,8.3,60,,
4008,16.1,8.3,60,,
4009,17.2,8.9,58,,
4010,17.8,6.7,48,,
4011,18.9,7.2,47,,
4012,18.3,7.2,48,,
4013,14.4,10.6,78,,
4014,12.2,11.1,93,,
4015,11.1,9.4,89,,
4016,12.2,10,86,,
4017,12.8,10.6,86,,
4018,15,8.3,64,,
4019,16.1,7.8,58,,
4020,16.7,4.4,44,,
4021,16.1,5,48,,
4022,15.6,5.6,51,,
4023,15.6,5.6,51,,
4024,15,5,51,,
4025,17.8,8.9,56,,
4026,17.8,8.9,56,,
4027,17.2,8.3,56,,
4028,16.7,8.3,58,,
4029,16.1,8.3,60,,
4030,15.6,8.3,62,,
4031,16.1,8.3,60,,
4032,16.1,8.3,60,,
4033,17.2,8.9,58,,
4034,17.8,6.7,48,,
4035,18.9,7.2,47,,
4036,18.3,7.2,48,,
4037,14.4,10.6,78,,
4038,12.2,11.1,93,,
4039,11.1,9.4,89,,
4040,12.2,10,86,,
4041,12.8,10.6,86,,
4042,15,8.3,64,,
4043,16.1,7.8,58,,
4044,16.7,4.4,44,,
4045,16.1,5,48,,
4046,15.6,5.6,51,,
4047,15.6,5.6,51,,
4048,15,5,51,,
4049,16.7,1.7,37,,
4050,16.1,1.1,36,,
4051,16.1,1.7,38,,
4052,15,1.7,41,,
4053,14.4,2.2,44,,
4054,13.9,2.8,47,,
4055,13.9,3.3,49,,
4056,15,3.3,46,,
4057,16.7,2.8,39,,
4058,17.8,2.2,35,,
4059,18.9,2.8,34,,
4060,20.6,2.8,31,,
4061,22.2,3.3,29,,
4062,22.8,2.2,26,,
4063,23.3,3.3,27,,
4064,24.4,3.3,25,,
4065,24.4,2.2,23,,
4066,24.4,1.7,23,,
4067,23.9,1.7,23,,
4068,22.8,2.8,27,,
4069,22.2,3.3,29,,
4070,21.1,3.3,31,,
4071,20,3.3,33,,
4072,18.9,3.3,36,,
4073,17.2,5,45,,
4074,17.2,3.3,40,,
4075,16.7,3.9,43,,
4076,16.1,5.6,50,,
4077,16.1,6.1,52,,
4078,15.6,6.7,55,,
4079,17.2,10,63,,
4080,20,9.4,50,,
4081,21.1,7.8,42,,
4082,21.7,10,47,,
4083,22.8,12.2,51,,
4084,24.4,14.4,54,,
4085,25,15,54,,
4086,26.7,17.8,58,,
4087,27.8,18.3,56,,
4088,27.8,18.3,56,,
4089,29.4,18.3,51,,
4090,30,18.9,51,,
4091,30.6,18.9,49,,
4092,29.4,18.9,53,,
4093,29.4,18.9,53,,
4094,30,18.9,51,,
4095,28.9,18.3,53,,
4096,27.2,18.3,58,,
4097,27.8,18.3,56,,
4098,26.1,17.2,58,,
4099,26.1,16.7,56,,
4100,26.1,17.8,60,,
4101,25.6,17.8,62,,
4102,25.6,17.8,62,,
4103,25.6,18.3,64,,
4104,26.1,18.3,62,,
4105,27.2,17.8,56,,
4106,27.2,13.9,44,,
4107,27.8,3.9,22,,
4108,27.8,6.1,25,,
4109,27.8,5.6,24,,
4110,27.8,6.1,25,,
4111,26.7,7.2,29,,
4112,25.6,7.8,32,,
4113,24.4,7.8,35,,
4114,22.8,7.2,37,,
4115,21.7,7.8,41,,
4116,20.6,6.7,40,,
4117,19.4,6.7,44,,
4118,18.3,6.7,47,,
4119,17.8,6.7,48,,
4120,17.2,6.7,50,,
4121,16.7,6.1,50,,
4122,16.1,6.7,54,,
4123,15.6,6.1,53,,
4124,15,6.1,55,,
4125,14.4,6.1,58,,
4126,13.9,6.1,59,,
4127,14.4,6.7,60,,
4128,15,7.2,60,,
4129,16.1,7.8,58,,
4130,17.2,8.3,56,,
4131,19.4,8.3,49,,
4132,20,8.9,49,,
4133,20.6,8.3,45,,
4134,23.3,10,43,,
4135,21.7,8.3,42,,
4136,22.2,8.3,41,,
4137,21.7,8.9,44,,
4138,21.7,10,47,,
4139,20.6,8.9,47,,
4140,20,8.9,49,,
4141,18.9,8.9,52,,
4142,18.9,8.3,50,,
4143,18.3,8.3,52,,
4144,18.3,8.9,54,,
4145,17.8,8.3,54,,
4146,17.8,8.9,56,,
4147,16.7,8.3,58,,
4148,16.1,8.3,60,,
4149,15.6,7.8,60,,
4150,15,8.3,64,,
4151,15,8.3,64,,
4152,15.6,7.8,60,,
4153,16.7,6.7,52,,
4154,17.8,5.6,45,,
4155,20,5.6,39,,
4156,21.7,5.6,35,,
4157,23.3,5,30,,
4158,24.4,6.1,31,,
4159,25,6.1,30,,
4160,26.1,6.1,28,,
4161,25.6,6.7,30,,
4162,25.6,5.6,28,,
4163,25,7.2,32,,
4164,24.4,6.7,32,,
4165,23.9,6.7,33,,
4166,23.3,7.2,35,,
4167,21.7,7.2,39,,
4168,21.1,7.8,42,,
4169,19.4,8.3,49,,
4170,19.4,7.8,47,,
4171,18.9,7.8,48,,
4172,19.4,7.2,45,,
4173,17.8,7.8,52,,
4174,16.7,8.9,60,,
4175,18.3,8.9,54,,
4176,19.4,8.3,49,,
4177,20.6,9.4,49,,
4178,22.8,8.3,39,,
4179,24.4,6.7,32,,
4180,26.1,5,26,,
4181,27.8,6.7,26,,
4182,28.9,6.1,24,,
4183,28.3,7.8,27,,
4184,28.3,6.1,24,,
4185,27.2,11.1,36,,
4186,26.1,12.2,42,,
4187,25,12.2,45,,
4188,25,13.3,48,,
4189,24.4,13.3,50,,
4190,23.9,13.9,53,,
4191,24.4,12.2,46,,
4192,23.9,13.9,53,,
4193,23.9,14.4,55,,
4194,22.8,15,61,,
4195,22.8,15.6,64,,
4196,20.6,17.2,81,,
4197,20,17.8,87,,
4198,20,18.3,90,,
4199,19.4,18.3,93,,
4200,18.9,17.8,93,,
4201,19.4,17.8,90,,
4202,19.4,17.8,90,,
4203,20.6,17.8,84,,
4204,21.1,16.1,73,,
4205,21.7,15.6,68,,
4206,20,15.6,76,,
4207,19.4,17.8,90,,
4208,20.6,16.1,75,,
4209,22.2,15.6,66,,
4210,22.2,15.6,66,,
4211,22.2,14.4,61,,
4212,21.7,15.6,68,,
4213,21.1,14.4,65,,
4214,20.6,14.4,68,,
4215,20,13.3,65,,
4216,20,13.3,65,,
4217,20.6,13.9,65,,
4218,20,15,73,,
4219,20,14.4,70,,
4220,19.4,15,76,,
4221,18.9,15.6,81,,
4222,18.3,15.6,84,,
4223,19.4,14.4,73,,
4224,21.1,13.3,61,,
4225,21.7,13.3,59,,
4226,22.2,13.9,59,,
4227,21.7,15,66,,
4228,23.3,15,59,,
4229,23.3,15,59,,
4230,22.2,12.2,53,,
4231,24.4,12.2,46,,
4232,24.4,10,40,,
4233,23.9,8.3,37,,
4234,22.2,7.2,38,,
4235,21.1,5.6,36,,
4236,20,7.8,45,,
4237,18.9,9.4,54,,
4238,18.3,8.3,52,,
4239,17.8,8.3,54,,
4240,17.2,8.9,58,,
4241,17.2,8.9,58,,
4242,17.2,8.9,58,,
4243,17.2,9.4,60,,
4244,17.2,8.9,58,,
4245,16.7,8.9,60,,
4246,16.7,8.3,58,,
4247,17.8,8.9,56,,
4248,18.9,8.3,50,,
4249,20.6,8.9,47,,
4250,22.2,10,46,,
4251,23.9,11.7,46,,
4252,27.2,11.7,38,,
4253,28.9,10,31,,
4254,30,10,29,,
4255,30,10.6,30,,
4256,27.8,13.3,41,,
4257,27.2,11.7,38,,
4258,26.7,10.6,36,,
4259,25,10,39,,
4260,23.9,9.4,40,,
4261,23.3,9.4,41,,
4262,22.8,8.9,41,,
4263,22.8,10.6,46,,
4264,21.7,12.2,55,,
4265,21.7,13.3,59,,
4266,21.7,9.4,45,,
4267,20.6,10.6,53,,
4268,20.6,11.1,54,,
4269,20,10.6,55,,
4270,20,10.6,55,,
4271,20,11.7,59,,
4272,20.6,11.7,57,,
4273,22.2,12.2,53,,
4274,23.9,12.8,50,,
4275,26.1,13.3,45,,
4276,28.3,12.8,38,,
4277,30.6,14.4,37,,
4278,28.9,15.6,44,,
4279,27.8,15,45,,
4280,26.7,15.6,50,,
4281,25,15,54,,
4282,22.8,14.4,59,,
4283,22.8,13.3,55,,
4284,21.1,13.9,63,,
4285,20.6,13.9,65,,
4286,20,13.3,65,,
4287,20,13.3,65,,
4288,19.4,13.9,70,,
4289,18.9,14.4,75,,
4290,18.9,14.4,75,,
4291,18.9,14.4,75,,
4292,18.9,15,78,,
4293,17.8,15.6,87,,
4294,18.3,15.6,84,,
4295,19.4,16.1,81,,
4296,20.6,16.1,75,,
4297,22.2,16.7,71,,
4298,24.4,16.7,62,,
4299,26.1,17.2,58,,
4300,26.7,17.8,58,,
4301,27.2,17.8,56,,
4302,27.8,17.2,52,,
4303,27.8,17.2,52,,
4304,26.7,17.2,56,,
4305,26.1,16.1,54,,
4306,25.6,16.7,58,,
4307,25.6,16.1,56,,
4308,25.6,16.7,58,,
4309,25,17.2,62,,
4310,25.6,17.2,60,,
4311,26.7,15.6,50,,
4312,25.6,14.4,50,,
4313,26.1,13.3,45,,
4314,25.6,13.3,46,,
4315,25,13.9,50,,
4316,25,14.4,52,,
4317,25,15,54,,
4318,24.4,15.6,58,,
4319,23.9,16.7,64,,
4320,22.2,15.6,66,,
4321,22.8,14.4,59,,
4322,24.4,12.2,46,,
4323,26.1,12.2,42,,
4324,28.3,11.1,34,,
4325,28.3,11.7,36,,
4326,29.4,11.7,33,,
4327,30,11.7,32,,
4328,30,12.8,35,,
4329,29.4,12.8,36,,
4330,27.2,15.6,49,,
4331,26.7,17.2,56,,
4332,26.7,17.2,56,,
4333,26.7,6.7,28,,
4334,25.6,7.8,32,,
4335,25,7.8,33,,
4336,23.3,7.2,35,,
4337,22.8,8.3,39,,
4338,22.8,6.7,35,,
4339,21.7,7.2,39,,
4340,21.1,8.9,46,,
4341,20.6,8.9,47,,
4342,21.1,10,49,,
4343,20.6,12.2,58,,
4344,22.2,13.9,59,,
4345,23.3,12.8,52,,
4346,25,11.7,43,,
4347,26.7,11.7,39,,
4348,28.3,10.6,33,,
4349,28.9,10,31,,
4350,27.8,8.9,30,,
4351,28.9,7.8,26,,
4352,28.3,7.8,27,,
4353,28.9,7.8,26,,
4354,28.3,8.3,28,,
4355,27.8,8.9,30,,
4356,26.7,8.9,32,,
4357,26.1,8.3,32,,
4358,25,7.8,33,,
4359,24.4,8.9,37,,
4360,22.8,10.6,46,,
4361,22.8,9.4,42,,
4362,23.3,9.4,41,,
4363,21.7,10.6,49,,
4364,21.7,10.6,49,,
4365,21.1,9.4,47,,
4366,21.1,9.4,47,,
4367,20.6,11.7,57,,
4368,21.7,13.3,59,,
4369,23.3,13.9,55,,
4370,24.4,14.4,54,,
4371,25,14.4,52,,
4372,24.4,15.6,58,,
4373,25.6,14.4,50,,
4374,26.1,15,50,,
4375,26.7,15,48,,
4376,27.2,15,47,,
4377,26.1,15.6,52,,
4378,25.6,15.6,54,,
4379,25,17.2,62,,
4380,23.9,17.8,69,,
4381,22.8,18.3,76,,
4382,22.8,17.8,73,,
4383,22.2,17.8,76,,
4384,22.2,17.2,73,,
4385,21.7,17.2,75,,
4386,21.7,17.2,75,,
4387,21.1,17.8,81,,
4388,21.7,17.8,78,,
4389,20.6,16.1,75,,
4390,21.1,9.4,47,,
4391,21.1,11.1,53,,
4392,22.2,10.6,48,,
4393,22.2,10,46,,
4394,22.8,11.1,48,,
4395,24.4,10.6,42,,
4396,26.1,11.1,39,,
4397,27.8,12.2,38,,
4398,28.3,12.2,37,,
4399,28.3,12.8,38,,
4400,27.8,12.8,39,,
4401,26.7,12.8,42,,
4402,25,13.3,48,,
4403,24.4,13.3,50,,
4404,22.8,14.4,59,,
4405,21.7,14.4,63,,
4406,21.1,15,68,,
4407,21.7,15,66,,
4408,20.6,14.4,68,,
4409,20,13.9,68,,
4410,19.4,13.9,70,,
4411,19.4,14.4,73,,
4412,18.9,14.4,75,,
4413,18.3,15,81,,
4414,18.3,15,81,,
4415,19.4,15,76,,
4416,20.6,15,70,,
4417,22.2,14.4,61,,
4418,22.8,12.8,53,,
4419,24.4,13.3,50,,
4420,26.7,13.9,45,,
4421,28.3,10.6,33,,
4422,28.9,11.7,34,,
4423,29.4,12.8,36,,
4424,27.2,12.2,39,,
4425,26.7,12.2,40,,
4426,25,11.7,43,,
4427,24.4,10.6,42,,
4428,22.8,10,44,,
4429,22.2,8.9,43,,
4430,21.7,10.6,49,,
4431,20.6,12.2,58,,
4432,20,13.9,68,,
4433,20.6,13.9,65,,
4434,20,14.4,70,,
4435,20,11.7,59,,
4436,20.6,12.2,58,,
4437,20.6,12.8,61,,
4438,20,12.8,63,,
4439,20.6,13.3,63,,
4440,22.2,12.8,55,,
4441,23.3,12.2,50,,
4442,25,12.8,47,,
4443,26.7,13.3,43,,
4444,28.3,15,44,,
4445,30,14.4,38,,
4446,29.4,15,41,,
4447,28.3,15.6,46,,
4448,27.8,15.6,47,,
4449,26.7,13.9,45,,
4450,26.1,13.3,45,,
4451,24.4,11.1,43,,
4452,23.9,11.1,44,,
4453,23.3,10.6,45,,
4454,23.9,8.9,38,,
4455,23.3,7.8,37,,
4456,22.8,7.8,38,,
4457,22.2,9.4,44,,
4458,21.7,10.6,49,,
4459,21.1,10.6,51,,
4460,21.1,10.6,51,,
4461,20,12.2,61,,
4462,19.4,13.3,68,,
4463,20.6,13.3,63,,
4464,21.1,13.9,63,,
4465,22.2,15.6,66,,
4466,23.3,16.1,64,,
4467,25,13.9,50,,
4468,26.1,15.6,52,,
4469,27.8,16.7,51,,
4470,28.3,17.8,53,,
4471,26.7,18.3,60,,
4472,26.1,17.8,60,,
4473,25.6,18.3,64,,
4474,25,18.3,66,,
4475,24.4,18.3,69,,
4476,23.3,18.3,73,,
4477,22.8,18.9,79,,
4478,21.7,20,90,,
4479,21.1,20,93,,
4480,21.1,20,93,,
4481,20.6,20,96,,
4482,20.6,20,96,,
4483,20.6,19.4,93,,
4484,21.1,20,93,,
4485,21.1,20,93,,
4486,20.6,19.4,93,,
4487,21.1,19.4,90,,
4488,20.6,19.4,93,,
4489,20.6,18.9,90,,
4490,21.1,18.9,87,,
4491,21.7,19.4,87,,
4492,21.7,19.4,87,,
4493,21.7,20,90,,
4494,22.2,20,87,,
4495,23.3,20.6,85,,
4496,23.3,20,82,,
4497,23.9,20,79,,
4498,23.3,20,82,,
4499,22.2,20,87,,
4500,22.2,20,87,,
4501,21.7,20,90,,
4502,21.7,20.6,93,,
4503,21.7,20.6,93,,
4504,20.6,18.3,87,,
4505,20,18.9,93,,
4506,20,18.9,93,,
4507,20.6,19.4,93,,
4508,20,18.3,90,,
4509,19.4,18.3,93,,
4510,20,18.3,90,,
4511,20,18.9,93,,
4512,20.6,18.9,90,,
4513,22.2,17.8,76,,
4514,22.8,18.3,76,,
4515,23.9,18.3,71,,
4516,25.6,17.8,62,,
4517,26.7,17.8,58,,
4518,27.8,16.1,49,,
4519,27.2,15,47,,
4520,27.2,14.4,45,,
4521,27.8,13.3,41,,
4522,27.8,13.3,41,,
4523,27.2,13.9,44,,
4524,26.1,13.3,45,,
4525,25.6,12.8,45,,
4526,25,12.8,47,,
4527,23.9,13.3,51,,
4528,22.8,13.9,57,,
4529,21.7,13.9,61,,
4530,21.7,13.3,59,,
4531,20.6,13.9,65,,
4532,20.6,13.3,63,,
4533,20,13.9,68,,
4534,20,13.9,68,,
4535,20,13.9,68,,
4536,21.1,13.9,63,,
4537,22.2,13.9,59,,
4538,23.9,12.8,50,,
4539,25,12.2,45,,
4540,27.2,13.9,44,,
4541,28.3,12.8,38,,
4542,28.9,13.3,38,,
4543,28.3,11.7,36,,
4544,28.9,12.2,35,,
4545,28.9,12.8,37,,
4546,27.2,13.9,44,,
4547,25.6,15,52,,
4548,25.6,15.6,54,,
4549,25,16.1,58,,
4550,24.4,16.1,60,,
4551,24.4,16.1,60,,
4552,24.4,15.6,58,,